-- MySQL dump 10.13  Distrib 8.0.36, for macos14 (arm64)
--
-- Host: localhost    Database: electric_vehicle
-- ------------------------------------------------------
-- Server version	8.0.36

/*!40101 SET @OLD_CHARACTER_SET_CLIENT=@@CHARACTER_SET_CLIENT */;
/*!40101 SET @OLD_CHARACTER_SET_RESULTS=@@CHARACTER_SET_RESULTS */;
/*!40101 SET @OLD_COLLATION_CONNECTION=@@COLLATION_CONNECTION */;
/*!50503 SET NAMES utf8 */;
/*!40103 SET @OLD_TIME_ZONE=@@TIME_ZONE */;
/*!40103 SET TIME_ZONE='+00:00' */;
/*!40014 SET @OLD_UNIQUE_CHECKS=@@UNIQUE_CHECKS, UNIQUE_CHECKS=0 */;
/*!40014 SET @OLD_FOREIGN_KEY_CHECKS=@@FOREIGN_KEY_CHECKS, FOREIGN_KEY_CHECKS=0 */;
/*!40101 SET @OLD_SQL_MODE=@@SQL_MODE, SQL_MODE='NO_AUTO_VALUE_ON_ZERO' */;
/*!40111 SET @OLD_SQL_NOTES=@@SQL_NOTES, SQL_NOTES=0 */;

--
-- Table structure for table `cities`
--

DROP TABLE IF EXISTS `cities`;
/*!40101 SET @saved_cs_client     = @@character_set_client */;
/*!50503 SET character_set_client = utf8mb4 */;
CREATE TABLE `cities` (
  `city_id` int NOT NULL,
  `city_name` varchar(50) DEFAULT NULL,
  `county` varchar(50) DEFAULT NULL,
  `state` varchar(50) DEFAULT NULL,
  `postal_code` int DEFAULT NULL,
  PRIMARY KEY (`city_id`)
) ENGINE=InnoDB DEFAULT CHARSET=utf8mb4 COLLATE=utf8mb4_0900_ai_ci;
/*!40101 SET character_set_client = @saved_cs_client */;

--
-- Dumping data for table `cities`
--

LOCK TABLES `cities` WRITE;
/*!40000 ALTER TABLE `cities` DISABLE KEYS */;
INSERT INTO `cities` VALUES (1,'Spokane','Spokane','WA',99217),(2,'Spokane','Spokane','WA',99203),(3,'Kennewick','Benton','WA',99337),(4,'Richland','Benton','WA',99352),(5,'Kennewick','Benton','WA',99338),(6,'East Wenatchee','Douglas','WA',98802),(7,'Redmond','King','WA',98053),(8,'Sammamish','King','WA',98075),(9,'Lake Stevens','Snohomish','WA',98258),(10,'Renton','King','WA',98058),(11,'Kent','King','WA',98042),(12,'Bellevue','King','WA',98006),(13,'Snohomish','Snohomish','WA',98296),(14,'Woodinville','King','WA',98072),(15,'Renton','King','WA',98059),(16,'Mercer Island','King','WA',98040),(17,'Kirkland','King','WA',98034),(18,'Mukilteo','Snohomish','WA',98275),(19,'Seattle','King','WA',98112),(20,'Seattle','King','WA',98122),(21,'Seattle','King','WA',98115),(22,'Edmonds','Snohomish','WA',98026),(23,'Seattle','King','WA',98103),(24,'Burien','King','WA',98146),(25,'Lynnwood','Snohomish','WA',98036),(26,'Seattle','King','WA',98115),(27,'Seattle','King','WA',98103),(28,'Tacoma','Pierce','WA',98405),(29,'Tacoma','Pierce','WA',98406),(30,'Spokane','Spokane','WA',99207),(31,'Redmond','King','WA',98052),(32,'Seattle','King','WA',98105),(33,'Seattle','King','WA',98168),(34,'Vancouver','Clark','WA',98686),(35,'Snohomish','Snohomish','WA',98290),(36,'Edmonds','Snohomish','WA',98026),(37,'Mount Vernon','Skagit','WA',98274),(38,'Mount Vernon','Skagit','WA',98273),(39,'Vancouver','Clark','WA',98683),(40,'University Place','Pierce','WA',98467),(41,'Elma','Grays Harbor','WA',98541),(42,'Kennewick','Benton','WA',99337),(43,'Sammamish','King','WA',98074),(44,'Lynnwood','Snohomish','WA',98037),(45,'Burlington','Skagit','WA',98233),(46,'Tacoma','Pierce','WA',98405),(47,'Spokane','Spokane','WA',99205),(48,'Seattle','King','WA',98105),(49,'Seattle','King','WA',98105),(50,'Seattle','King','WA',98105),(51,'Bellingham','Whatcom','WA',98229),(52,'Shelton','Mason','WA',98584),(53,'Richland','Benton','WA',99354),(54,'Puyallup','Pierce','WA',98371),(55,'Des Moines','King','WA',98198),(56,'Seattle','King','WA',98112),(57,'Seattle','King','WA',98105),(58,'Lopez Island','San Juan','WA',98261),(59,'Issaquah','King','WA',98027),(60,'Mill Creek','Snohomish','WA',98012),(61,'Seattle','King','WA',98115),(62,'Vancouver','Clark','WA',98685),(63,'Sequim','Clallam','WA',98382),(64,'Kennewick','Benton','WA',99337),(65,'Bellevue','King','WA',98008),(66,'Seattle','King','WA',98168),(67,'Kingston','Kitsap','WA',98346),(68,'Oak Harbor','Island','WA',98277),(69,'Redmond','King','WA',98053),(70,'Bellevue','King','WA',98008),(71,'Graham','Pierce','WA',98338),(72,'Vancouver','Clark','WA',98660),(73,'Bellevue','King','WA',98006),(74,'Seattle','King','WA',98106),(75,'Spokane','Spokane','WA',99207),(76,'Richland','Benton','WA',99352),(77,'Sammamish','King','WA',98074),(78,'Bellevue','King','WA',98007),(79,'Bellevue','King','WA',98006),(80,'Lake Forest Park','King','WA',98155),(81,'Washougal','Clark','WA',98671),(82,'Spanaway','Pierce','WA',98387),(83,'Union','Mason','WA',98592),(84,'Enumclaw','King','WA',98022),(85,'Friday Harbor','San Juan','WA',98250),(86,'Vancouver','Clark','WA',98663),(87,'La Center','Clark','WA',98629),(88,'Vancouver','Clark','WA',98685),(89,'Blaine','Whatcom','WA',98230),(90,'Blaine','Whatcom','WA',98230),(91,'Seabeck','Kitsap','WA',98380),(92,'Olympia','Thurston','WA',98502),(93,'Port Angeles','Clallam','WA',98362),(94,'Leavenworth','Chelan','WA',98826),(95,'Sammamish','King','WA',98074),(96,'Snohomish','Snohomish','WA',98290),(97,'Redmond','King','WA',98052),(98,'Redmond','King','WA',98072),(99,'Mercer Island','King','WA',98040),(100,'Mercer Island','King','WA',98040),(101,'Kenmore','King','WA',98028),(102,'Mukilteo','Snohomish','WA',98275),(103,'Seattle','King','WA',98112),(104,'Seattle','King','WA',98115),(105,'Normandy Park','King','WA',98166),(106,'Seattle','King','WA',98133),(107,'Washougal','Clark','WA',98671),(108,'Stanwood','Snohomish','WA',98292),(109,'Seattle','King','WA',98107),(110,'Camas','Clark','WA',98607),(111,'Seattle','King','WA',98116),(112,'Bainbridge Island','Kitsap','WA',98110),(113,'Bainbridge Island','Kitsap','WA',98110),(114,'Port Townsend','Jefferson','WA',98368),(115,'Quilcene','Jefferson','WA',98376),(116,'Sequim','Clallam','WA',98382),(117,'Lacey','Thurston','WA',98503),(118,'Lake Stevens','Snohomish','WA',98258),(119,'Waitsburg','Walla Walla','WA',99361),(120,'Darrington','Skagit','WA',98241),(121,'Buckley','Pierce','WA',98321),(122,'Redmond','King','WA',98053),(123,'Sammamish','King','WA',98075),(124,'Maple Valley','King','WA',98038),(125,'Snohomish','Snohomish','WA',98290),(126,'Bellevue','King','WA',98006),(127,'Snohomish','Snohomish','WA',98296),(128,'Woodinville','Snohomish','WA',98072),(129,'Woodinville','King','WA',98072),(130,'Marysville','Snohomish','WA',98270),(131,'Everett','Snohomish','WA',98208),(132,'Kirkland','King','WA',98033),(133,'Kirkland','King','WA',98033),(134,'Mercer Island','King','WA',98040),(135,'Kirkland','King','WA',98034),(136,'Kent','King','WA',98032),(137,'Seattle','King','WA',98118),(138,'Seattle','King','WA',98118),(139,'Puyallup','Pierce','WA',98374),(140,'Mukilteo','Snohomish','WA',98275),(141,'Brier','Snohomish','WA',98036),(142,'Seattle','King','WA',98125),(143,'Seattle','King','WA',98112),(144,'Seattle','King','WA',98112),(145,'Seattle','King','WA',98144),(146,'Seattle','King','WA',98144),(147,'Mount Vernon','Skagit','WA',98273),(148,'Seattle','King','WA',98101),(149,'Seattle','King','WA',98109),(150,'Seattle','King','WA',98106),(151,'Washougal','Clark','WA',98671),(152,'Seattle','King','WA',98103),(153,'Seattle','King','WA',98103),(154,'Seattle','King','WA',98103),(155,'Seattle','King','WA',98117),(156,'Seattle','King','WA',98117),(157,'Seattle','King','WA',98117),(158,'Camano Island','Island','WA',98282),(159,'Vashon','King','WA',98070),(160,'Bainbridge Island','Kitsap','WA',98110),(161,'Freeland','Island','WA',98249),(162,'Lake Stevens','Snohomish','WA',98258),(163,'Bonney Lake','Pierce','WA',98391),(164,'Marysville','Snohomish','WA',98270),(165,'Bothell','King','WA',98011),(166,'Kirkland','King','WA',98033),(167,'Seattle','King','WA',98125),(168,'Everson','Whatcom','WA',98247),(169,'Washougal','Clark','WA',98671),(170,'Seattle','King','WA',98136),(171,'Vancouver','Clark','WA',98660),(172,'Vancouver','Clark','WA',98685),(173,'Friday Harbor','San Juan','WA',98250),(174,'Point Roberts','Whatcom','WA',98281),(175,'Pasco','Franklin','WA',99301),(176,'East Wenatchee','Douglas','WA',98802),(177,'Granite Falls','Snohomish','WA',98252),(178,'Bellevue','King','WA',98008),(179,'Woodinville','King','WA',98072),(180,'Renton','King','WA',98055),(181,'South Hill','Pierce','WA',98374),(182,'Mount Vernon','Skagit','WA',98274),(183,'Seattle','King','WA',98102),(184,'Federal Way','King','WA',98023),(185,'Bainbridge Island','Kitsap','WA',98110),(186,'Vancouver','Clark','WA',98682),(187,'Silverdale','Kitsap','WA',98383),(188,'Port Townsend','Jefferson','WA',98368),(189,'Centralia','Lewis','WA',98531),(190,'Port Angeles','Clallam','WA',98362),(191,'Colbert','Spokane','WA',99005),(192,'Issaquah','King','WA',98027),(193,'Bellevue','King','WA',98006),(194,'Auburn','King','WA',98092),(195,'Kenmore','King','WA',98028),(196,'Seattle','King','WA',98112),(197,'Seattle','King','WA',98116),(198,'Anacortes','Skagit','WA',98221),(199,'Chehalis','Lewis','WA',98532),(200,'Duvall','King','WA',98019),(201,'Buckley','Pierce','WA',98321),(202,'Bellevue','King','WA',98008),(203,'Woodinville','King','WA',98072),(204,'Marysville','Snohomish','WA',98270),(205,'Seattle','King','WA',98101),(206,'Tacoma','Pierce','WA',98443),(207,'Tacoma','Pierce','WA',98444),(208,'Tacoma','Pierce','WA',98409),(209,'Vancouver','Clark','WA',98682),(210,'Gig Harbor','Pierce','WA',98335),(211,'Port Orchard','Kitsap','WA',98367),(212,'Vancouver','Clark','WA',98685),(213,'Olympia','Thurston','WA',98512),(214,'Spokane','Spokane','WA',99203),(215,'Newcastle','King','WA',98059),(216,'Bonney Lake','Pierce','WA',98391),(217,'Marysville','Snohomish','WA',98270),(218,'Lynnwood','Snohomish','WA',98036),(219,'Seattle','King','WA',98107),(220,'Seattle','King','WA',98199),(221,'Vancouver','Clark','WA',98682),(222,'East Wenatchee','Douglas','WA',98802),(223,'Yakima','Yakima','WA',98908),(224,'Leavenworth','Chelan','WA',98826),(225,'Lyle','Klickitat','WA',98635),(226,'Maple Valley','King','WA',98038),(227,'Woodinville','King','WA',98072),(228,'Woodinville','King','WA',98072),(229,'Marysville','Snohomish','WA',98270),(230,'Renton','King','WA',98056),(231,'Auburn','King','WA',98002),(232,'Edgewood','Pierce','WA',98372),(233,'Puyallup','Pierce','WA',98371),(234,'Edmonds','Snohomish','WA',98026),(235,'Mount Vernon','Skagit','WA',98273),(236,'Poulsbo','Kitsap','WA',98370),(237,'Olympia','Thurston','WA',98501),(238,'Seattle','King','WA',98117),(239,'Tacoma','Pierce','WA',98407),(240,'Blaine','Whatcom','WA',98230),(241,'Olympia','Thurston','WA',98506),(242,'Raymond','Pacific','WA',98577),(243,'Woodinville','King','WA',98072),(244,'Woodinville','King','WA',98072),(245,'Newcastle','King','WA',98059),(246,'Mercer Island','King','WA',98040),(247,'Covington','King','WA',98042),(248,'Kirkland','King','WA',98034),(249,'Redmond','King','WA',98052),(250,'South Hill','Pierce','WA',98374),(251,'Seattle','King','WA',98117),(252,'Tacoma','Pierce','WA',98409),(253,'Newcastle','King','WA',98059),(254,'Blaine','Whatcom','WA',98230),(255,'Sammamish','King','WA',98074),(256,'Tenino','Thurston','WA',98589),(257,'Bellevue','King','WA',98005),(258,'Sammamish','King','WA',98075),(259,'Marysville','Snohomish','WA',98270),(260,'Kent','King','WA',98030),(261,'Seattle','King','WA',98112),(262,'Seattle','King','WA',98112),(263,'Kent','King','WA',98032),(264,'Kenmore','King','WA',98028),(265,'University Place','Pierce','WA',98467),(266,'Sammamish','King','WA',98074),(267,'Bellevue','King','WA',98027),(268,'Tacoma','Pierce','WA',98409),(269,'Moses Lake','Grant','WA',98837),(270,'Snohomish','Snohomish','WA',98296),(271,'Kenmore','King','WA',98028),(272,'Seattle','King','WA',98144),(273,'Seattle','King','WA',98136),(274,'Bellevue','King','WA',98006),(275,'Woodinville','King','WA',98072),(276,'Renton','King','WA',98055),(277,'Mercer Island','King','WA',98040),(278,'Seattle','King','WA',98112),(279,'Seattle','King','WA',98115),(280,'Woodinville','King','WA',98072),(281,'Woodinville','King','WA',98072),(282,'Spokane','Spokane','WA',99037),(283,'Medina','King','WA',98039),(284,'Vancouver','Clark','WA',98661),(285,'Spokane','Spokane','WA',99202),(286,'Renton','King','WA',98055),(287,'Seattle','King','WA',98106),(288,'Langley','Island','WA',98260),(289,'Sammamish','King','WA',98074),(290,'Woodinville','King','WA',98072),(291,'Bothell','King','WA',98011),(292,'Kirkland','King','WA',98034),(293,'Lynnwood','Snohomish','WA',98087),(294,'Freeland','Island','WA',98249),(295,'East Wenatchee','Douglas','WA',98802),(296,'Redmond','King','WA',98053),(297,'Marysville','Snohomish','WA',98270),(298,'Everett','Snohomish','WA',98201),(299,'Silverdale','Kitsap','WA',98383),(300,'Kelso','Cowlitz','WA',98626),(301,'Chehalis','Lewis','WA',98532),(302,'Seattle','King','WA',98101),(303,'Tacoma','Pierce','WA',98446),(304,'Bellingham','Whatcom','WA',98225),(305,'Tacoma','Pierce','WA',98409),(306,'Ferndale','Whatcom','WA',98248),(307,'Vancouver','Clark','WA',98661),(308,'Bellevue','King','WA',98008),(309,'Bellevue','King','WA',98006),(310,'Seattle','King','WA',98102),(311,'La Center','Clark','WA',98629),(312,'Olympia','Thurston','WA',98502),(313,'Pasco','Franklin','WA',99301),(314,'Sammamish','King','WA',98074),(315,'Kent','King','WA',98042),(316,'Bellevue','King','WA',98008),(317,'Bellevue','King','WA',98006),(318,'Woodinville','King','WA',98072),(319,'Kent','King','WA',98031),(320,'Kent','King','WA',98031),(321,'Bellevue','King','WA',98004),(322,'Mercer Island','King','WA',98040),(323,'Kirkland','King','WA',98034),(324,'Kirkland','King','WA',98034),(325,'Kenmore','King','WA',98028),(326,'Puyallup','Pierce','WA',98375),(327,'Seattle','King','WA',98115),(328,'Seattle','King','WA',98102),(329,'Renton','King','WA',98059),(330,'Renton','King','WA',98056),(331,'Kirkland','King','WA',98033),(332,'Kirkland','King','WA',98033),(333,'Seattle','King','WA',98144),(334,'Seattle','King','WA',98122),(335,'Seattle','King','WA',98136),(336,'Seattle','King','WA',98199),(337,'Point Roberts','Whatcom','WA',98281),(338,'Kent','King','WA',98042),(339,'Covington','King','WA',98042),(340,'Redmond','King','WA',98052),(341,'Seattle','King','WA',98125),(342,'Vancouver','Clark','WA',98661),(343,'Issaquah','King','WA',98029),(344,'Issaquah','King','WA',98027),(345,'Sammamish','King','WA',98075),(346,'Renton','King','WA',98056),(347,'Kirkland','King','WA',98033),(348,'Bothell','Snohomish','WA',98012),(349,'Mercer Island','King','WA',98040),(350,'Mercer Island','King','WA',98040),(351,'Medina','King','WA',98039),(352,'Seattle','King','WA',98122),(353,'Shoreline','King','WA',98155),(354,'Seattle','King','WA',98199),(355,'Roy','Pierce','WA',98580),(356,'Port Orchard','Kitsap','WA',98366),(357,'Vancouver','Clark','WA',98665),(358,'Blaine','Whatcom','WA',98230),(359,'Sammamish','King','WA',98074),(360,'Sammamish','King','WA',98074),(361,'Redmond','King','WA',98053),(362,'Issaquah','King','WA',98027),(363,'Renton','King','WA',98059),(364,'Bothell','Snohomish','WA',98021),(365,'Seattle','King','WA',98121),(366,'Tacoma','Pierce','WA',98407),(367,'Poulsbo','Kitsap','WA',98370),(368,'Snoqualmie','King','WA',98065),(369,'Black Diamond','King','WA',98010),(370,'Sammamish','King','WA',98075),(371,'Lake Stevens','Snohomish','WA',98258),(372,'Bellevue','King','WA',98006),(373,'Seattle','King','WA',98109),(374,'Seattle','King','WA',98107),(375,'Seattle','King','WA',98107),(376,'Kalama','Cowlitz','WA',98625),(377,'Olympia','Thurston','WA',98502),(378,'Bellevue','King','WA',98008),(379,'Redmond','King','WA',98052),(380,'Clyde Hill','King','WA',98004),(381,'Kent','King','WA',98030),(382,'Seattle','King','WA',98115),(383,'Vancouver','Clark','WA',98664),(384,'Renton','King','WA',98058),(385,'Kent','King','WA',98042),(386,'Yarrow Point','King','WA',98004),(387,'Bellevue','King','WA',98004),(388,'Medina','King','WA',98039),(389,'Vancouver','Clark','WA',98661),(390,'Oroville','Okanogan','WA',98844),(391,'Ellensburg','Kittitas','WA',98926),(392,'Duvall','King','WA',98019),(393,'Sammamish','King','WA',98074),(394,'Sammamish','King','WA',98074),(395,'Sammamish','King','WA',98075),(396,'Maple Valley','King','WA',98038),(397,'Bellevue','King','WA',98008),(398,'Newcastle','King','WA',98059),(399,'Bothell','Snohomish','WA',98021),(400,'Bellevue','King','WA',98004),(401,'Bellevue','King','WA',98004),(402,'Yarrow Point','King','WA',98004),(403,'Yarrow Point','King','WA',98004),(404,'Hunts Point','King','WA',98004),(405,'Bellevue','King','WA',98004),(406,'Bothell','Snohomish','WA',98012),(407,'Bothell','Snohomish','WA',98012),(408,'Mercer Island','King','WA',98040),(409,'Kirkland','King','WA',98034),(410,'Bellevue','King','WA',98006),(411,'Seattle','King','WA',98108),(412,'Washougal','Clark','WA',98671),(413,'Seattle','King','WA',98178),(414,'Seattle','King','WA',98199),(415,'Langley','Island','WA',98260),(416,'Seattle','King','WA',98125),(417,'Seattle','King','WA',98115),(418,'Seattle','King','WA',98105),(419,'Centralia','Lewis','WA',98531),(420,'Bellingham','Whatcom','WA',98229),(421,'Bainbridge Island','Kitsap','WA',98110),(422,'Tacoma','Pierce','WA',98422),(423,'Lakewood','Pierce','WA',98499),(424,'Seattle','King','WA',98144),(425,'Vancouver','Clark','WA',98683),(426,'Seattle','King','WA',98199),(427,'Seattle','King','WA',98133),(428,'Lake Forest Park','King','WA',98155),(429,'Tacoma','Pierce','WA',98443),(430,'Bothell','Snohomish','WA',98012),(431,'Burien','King','WA',98166),(432,'University Place','Pierce','WA',98467),(433,'Bellevue','King','WA',98004),(434,'Liberty Lake','Spokane','WA',99019),(435,'Mercer Island','King','WA',98040),(436,'Bellevue','King','WA',98004),(437,'Lynnwood','Snohomish','WA',98087),(438,'Gig Harbor','Pierce','WA',98332),(439,'Mercer Island','King','WA',98040),(440,'North Bend','King','WA',98045),(441,'Tacoma','Pierce','WA',98402),(442,'Walla Walla','Walla Walla','WA',99362),(443,'Seattle','King','WA',98121),(444,'Lake Stevens','Snohomish','WA',98258),(445,'Bellevue','King','WA',98006),(446,'Bellevue','King','WA',98008),(447,'Seattle','King','WA',98101),(448,'University Place','Pierce','WA',98466),(449,'Seattle','King','WA',98121),(450,'Seattle','King','WA',98115),(451,'Marysville','Snohomish','WA',98270),(452,'Gig Harbor','Pierce','WA',98335),(453,'Gig Harbor','Pierce','WA',98332),(454,'Federal Way','King','WA',98023),(455,'Seattle','King','WA',98116),(456,'Snohomish','Snohomish','WA',98296),(457,'Kirkland','King','WA',98034),(458,'Shoreline','King','WA',98177),(459,'Mercer Island','King','WA',98040),(460,'Redmond','King','WA',98052),(461,'Kirkland','King','WA',98033),(462,'Yelm','Thurston','WA',98597),(463,'Bellevue','King','WA',98006),(464,'Yelm','Thurston','WA',98597),(465,'Seattle','King','WA',98115),(466,'Seattle','King','WA',98136),(467,'Fox Island','Pierce','WA',98333),(468,'Bellevue','King','WA',98004),(469,'Vancouver','Clark','WA',98682),(470,'Bellevue','King','WA',98007),(471,'Seattle','King','WA',98104),(472,'Camas','Clark','WA',98607),(473,'Seattle','King','WA',98115),(474,'Renton','King','WA',98058),(475,'Seattle','King','WA',98117),(476,'Tacoma','Pierce','WA',98406),(477,'Anacortes','Skagit','WA',98221),(478,'Redmond','King','WA',98052),(479,'Seattle','King','WA',98144),(480,'Oak Harbor','Island','WA',98277),(481,'Auburn','King','WA',98092),(482,'Seattle','King','WA',98122),(483,'Lakewood','Pierce','WA',98499),(484,'Edmonds','Snohomish','WA',98020),(485,'Bellingham','Whatcom','WA',98225),(486,'Vancouver','Clark','WA',98683),(487,'Vancouver','Clark','WA',98662),(488,'Port Orchard','Kitsap','WA',98366),(489,'Seattle','King','WA',98126),(490,'Sammamish','King','WA',98074),(491,'Issaquah','King','WA',98027),(492,'Maple Valley','King','WA',98038),(493,'Seattle','King','WA',98115),(494,'Edmonds','Snohomish','WA',98020),(495,'Bonney Lake','Pierce','WA',98391),(496,'Washougal','Skamania','WA',98671),(497,'Seattle','King','WA',98126),(498,'Sammamish','King','WA',98075),(499,'Renton','King','WA',98058),(500,'Renton','King','WA',98059),(501,'Seattle','King','WA',98178),(502,'Seattle','King','WA',98112),(503,'Lake Forest Park','King','WA',98155),(504,'Edmonds','Snohomish','WA',98026),(505,'Seattle','King','WA',98102),(506,'Seattle','King','WA',98177);
/*!40000 ALTER TABLE `cities` ENABLE KEYS */;
UNLOCK TABLES;
/*!40103 SET TIME_ZONE=@OLD_TIME_ZONE */;

/*!40101 SET SQL_MODE=@OLD_SQL_MODE */;
/*!40014 SET FOREIGN_KEY_CHECKS=@OLD_FOREIGN_KEY_CHECKS */;
/*!40014 SET UNIQUE_CHECKS=@OLD_UNIQUE_CHECKS */;
/*!40101 SET CHARACTER_SET_CLIENT=@OLD_CHARACTER_SET_CLIENT */;
/*!40101 SET CHARACTER_SET_RESULTS=@OLD_CHARACTER_SET_RESULTS */;
/*!40101 SET COLLATION_CONNECTION=@OLD_COLLATION_CONNECTION */;
/*!40111 SET SQL_NOTES=@OLD_SQL_NOTES */;

-- Dump completed on 2024-05-12 14:41:32
-- MySQL dump 10.13  Distrib 8.0.36, for macos14 (arm64)
--
-- Host: localhost    Database: electric_vehicle
-- ------------------------------------------------------
-- Server version	8.0.36

/*!40101 SET @OLD_CHARACTER_SET_CLIENT=@@CHARACTER_SET_CLIENT */;
/*!40101 SET @OLD_CHARACTER_SET_RESULTS=@@CHARACTER_SET_RESULTS */;
/*!40101 SET @OLD_COLLATION_CONNECTION=@@COLLATION_CONNECTION */;
/*!50503 SET NAMES utf8 */;
/*!40103 SET @OLD_TIME_ZONE=@@TIME_ZONE */;
/*!40103 SET TIME_ZONE='+00:00' */;
/*!40014 SET @OLD_UNIQUE_CHECKS=@@UNIQUE_CHECKS, UNIQUE_CHECKS=0 */;
/*!40014 SET @OLD_FOREIGN_KEY_CHECKS=@@FOREIGN_KEY_CHECKS, FOREIGN_KEY_CHECKS=0 */;
/*!40101 SET @OLD_SQL_MODE=@@SQL_MODE, SQL_MODE='NO_AUTO_VALUE_ON_ZERO' */;
/*!40111 SET @OLD_SQL_NOTES=@@SQL_NOTES, SQL_NOTES=0 */;

--
-- Table structure for table `electric_utilities`
--

DROP TABLE IF EXISTS `electric_utilities`;
/*!40101 SET @saved_cs_client     = @@character_set_client */;
/*!50503 SET character_set_client = utf8mb4 */;
CREATE TABLE `electric_utilities` (
  `electric_utility_id` int NOT NULL,
  `electric_utility_name` varchar(50) DEFAULT NULL,
  PRIMARY KEY (`electric_utility_id`)
) ENGINE=InnoDB DEFAULT CHARSET=utf8mb4 COLLATE=utf8mb4_0900_ai_ci;
/*!40101 SET character_set_client = @saved_cs_client */;

--
-- Dumping data for table `electric_utilities`
--

LOCK TABLES `electric_utilities` WRITE;
/*!40000 ALTER TABLE `electric_utilities` DISABLE KEYS */;
INSERT INTO `electric_utilities` VALUES (2,'MODERN ELECTRIC WATER COMPANY'),(6,'PUD NO 1 OF DOUGLAS COUNTY'),(7,'PUGET SOUND ENERGY INC||CITY OF TACOMA - (WA)'),(8,'PUGET SOUND ENERGY INC||CITY OF TACOMA - (WA)'),(9,'PUGET SOUND ENERGY INC'),(10,'PUGET SOUND ENERGY INC||CITY OF TACOMA - (WA)'),(11,'PUGET SOUND ENERGY INC||CITY OF TACOMA - (WA)'),(12,'PUGET SOUND ENERGY INC||CITY OF TACOMA - (WA)'),(13,'PUGET SOUND ENERGY INC'),(14,'PUGET SOUND ENERGY INC||CITY OF TACOMA - (WA)'),(15,'PUGET SOUND ENERGY INC||CITY OF TACOMA - (WA)'),(16,'PUGET SOUND ENERGY INC||CITY OF TACOMA - (WA)'),(17,'PUGET SOUND ENERGY INC||CITY OF TACOMA - (WA)'),(18,'PUGET SOUND ENERGY INC'),(19,'CITY OF SEATTLE - (WA)|CITY OF TACOMA - (WA)'),(20,'CITY OF SEATTLE - (WA)|CITY OF TACOMA - (WA)'),(21,'CITY OF SEATTLE - (WA)|CITY OF TACOMA - (WA)'),(22,'PUGET SOUND ENERGY INC'),(23,'CITY OF SEATTLE - (WA)|CITY OF TACOMA - (WA)'),(24,'CITY OF SEATTLE - (WA)|CITY OF TACOMA - (WA)'),(25,'PUGET SOUND ENERGY INC'),(26,'CITY OF SEATTLE - (WA)|CITY OF TACOMA - (WA)'),(27,'CITY OF SEATTLE - (WA)|CITY OF TACOMA - (WA)'),(31,'PUGET SOUND ENERGY INC||CITY OF TACOMA - (WA)'),(32,'CITY OF SEATTLE - (WA)|CITY OF TACOMA - (WA)'),(33,'CITY OF SEATTLE - (WA)|CITY OF TACOMA - (WA)'),(36,'PUGET SOUND ENERGY INC'),(37,'PUGET SOUND ENERGY INC'),(38,'PUGET SOUND ENERGY INC'),(43,'PUGET SOUND ENERGY INC||CITY OF TACOMA - (WA)'),(44,'PUGET SOUND ENERGY INC'),(45,'PUGET SOUND ENERGY INC'),(47,'MODERN ELECTRIC WATER COMPANY'),(48,'CITY OF SEATTLE - (WA)|CITY OF TACOMA - (WA)'),(49,'CITY OF SEATTLE - (WA)|CITY OF TACOMA - (WA)'),(50,'CITY OF SEATTLE - (WA)|CITY OF TACOMA - (WA)'),(51,'PUGET SOUND ENERGY INC||PUD NO 1 OF WHATCOM COUNTY'),(54,'PUGET SOUND ENERGY INC||CITY OF TACOMA - (WA)'),(55,'PUGET SOUND ENERGY INC||CITY OF TACOMA - (WA)'),(56,'CITY OF SEATTLE - (WA)|CITY OF TACOMA - (WA)'),(57,'CITY OF SEATTLE - (WA)|CITY OF TACOMA - (WA)'),(59,'PUGET SOUND ENERGY INC||CITY OF TACOMA - (WA)'),(60,'PUGET SOUND ENERGY INC'),(61,'CITY OF SEATTLE - (WA)|CITY OF TACOMA - (WA)'),(65,'PUGET SOUND ENERGY INC||CITY OF TACOMA - (WA)'),(66,'CITY OF SEATTLE - (WA)|CITY OF TACOMA - (WA)'),(67,'PUGET SOUND ENERGY INC'),(68,'PUGET SOUND ENERGY INC'),(69,'PUGET SOUND ENERGY INC||CITY OF TACOMA - (WA)'),(70,'PUGET SOUND ENERGY INC||CITY OF TACOMA - (WA)'),(73,'PUGET SOUND ENERGY INC||CITY OF TACOMA - (WA)'),(74,'CITY OF SEATTLE - (WA)|CITY OF TACOMA - (WA)'),(77,'PUGET SOUND ENERGY INC||CITY OF TACOMA - (WA)'),(78,'PUGET SOUND ENERGY INC||CITY OF TACOMA - (WA)'),(79,'PUGET SOUND ENERGY INC||CITY OF TACOMA - (WA)'),(80,'CITY OF SEATTLE - (WA)|CITY OF TACOMA - (WA)'),(84,'PUGET SOUND ENERGY INC||CITY OF TACOMA - (WA)'),(89,'CITY OF BLAINE - (WA)||PUD NO 1 OF WHATCOM COUNTY'),(90,'PUGET SOUND ENERGY INC||PUD NO 1 OF WHATCOM COUNTY'),(91,'PUGET SOUND ENERGY INC'),(92,'PUGET SOUND ENERGY INC'),(94,'PUD NO 1 OF CHELAN COUNTY'),(95,'PUGET SOUND ENERGY INC||CITY OF TACOMA - (WA)'),(96,'PUGET SOUND ENERGY INC'),(97,'PUGET SOUND ENERGY INC||CITY OF TACOMA - (WA)'),(98,'PUGET SOUND ENERGY INC||CITY OF TACOMA - (WA)'),(99,'PUGET SOUND ENERGY INC||CITY OF TACOMA - (WA)'),(100,'PUGET SOUND ENERGY INC||CITY OF TACOMA - (WA)'),(101,'PUGET SOUND ENERGY INC||CITY OF TACOMA - (WA)'),(102,'PUGET SOUND ENERGY INC'),(103,'CITY OF SEATTLE - (WA)|CITY OF TACOMA - (WA)'),(104,'CITY OF SEATTLE - (WA)|CITY OF TACOMA - (WA)'),(105,'PUGET SOUND ENERGY INC||CITY OF TACOMA - (WA)'),(106,'CITY OF SEATTLE - (WA)|CITY OF TACOMA - (WA)'),(109,'CITY OF SEATTLE - (WA)|CITY OF TACOMA - (WA)'),(111,'CITY OF SEATTLE - (WA)|CITY OF TACOMA - (WA)'),(112,'PUGET SOUND ENERGY INC'),(113,'PUGET SOUND ENERGY INC'),(117,'PUGET SOUND ENERGY INC'),(118,'PUGET SOUND ENERGY INC'),(119,'PACIFICORP'),(120,'PUGET SOUND ENERGY INC'),(121,'PUGET SOUND ENERGY INC||CITY OF TACOMA - (WA)'),(122,'PUGET SOUND ENERGY INC||CITY OF TACOMA - (WA)'),(123,'PUGET SOUND ENERGY INC||CITY OF TACOMA - (WA)'),(124,'PUGET SOUND ENERGY INC||CITY OF TACOMA - (WA)'),(125,'PUGET SOUND ENERGY INC'),(126,'PUGET SOUND ENERGY INC||CITY OF TACOMA - (WA)'),(127,'PUGET SOUND ENERGY INC'),(128,'PUGET SOUND ENERGY INC'),(129,'PUGET SOUND ENERGY INC||CITY OF TACOMA - (WA)'),(130,'PUGET SOUND ENERGY INC'),(131,'PUGET SOUND ENERGY INC'),(132,'PUGET SOUND ENERGY INC||CITY OF TACOMA - (WA)'),(133,'PUGET SOUND ENERGY INC||CITY OF TACOMA - (WA)'),(134,'PUGET SOUND ENERGY INC||CITY OF TACOMA - (WA)'),(135,'PUGET SOUND ENERGY INC||CITY OF TACOMA - (WA)'),(136,'PUGET SOUND ENERGY INC||CITY OF TACOMA - (WA)'),(137,'CITY OF SEATTLE - (WA)|CITY OF TACOMA - (WA)'),(138,'PUGET SOUND ENERGY INC||CITY OF TACOMA - (WA)'),(140,'PUGET SOUND ENERGY INC'),(141,'PUGET SOUND ENERGY INC'),(142,'CITY OF SEATTLE - (WA)|CITY OF TACOMA - (WA)'),(143,'CITY OF SEATTLE - (WA)|CITY OF TACOMA - (WA)'),(144,'CITY OF SEATTLE - (WA)|CITY OF TACOMA - (WA)'),(145,'CITY OF SEATTLE - (WA)|CITY OF TACOMA - (WA)'),(146,'CITY OF SEATTLE - (WA)|CITY OF TACOMA - (WA)'),(147,'PUGET SOUND ENERGY INC'),(148,'CITY OF SEATTLE - (WA)|CITY OF TACOMA - (WA)'),(149,'CITY OF SEATTLE - (WA)|CITY OF TACOMA - (WA)'),(150,'CITY OF SEATTLE - (WA)|CITY OF TACOMA - (WA)'),(152,'CITY OF SEATTLE - (WA)|CITY OF TACOMA - (WA)'),(153,'CITY OF SEATTLE - (WA)|CITY OF TACOMA - (WA)'),(154,'CITY OF SEATTLE - (WA)|CITY OF TACOMA - (WA)'),(155,'CITY OF SEATTLE - (WA)|CITY OF TACOMA - (WA)'),(156,'CITY OF SEATTLE - (WA)|CITY OF TACOMA - (WA)'),(157,'CITY OF SEATTLE - (WA)|CITY OF TACOMA - (WA)'),(159,'PUGET SOUND ENERGY INC||CITY OF TACOMA - (WA)'),(160,'PUGET SOUND ENERGY INC'),(161,'PUGET SOUND ENERGY INC'),(162,'PUGET SOUND ENERGY INC'),(163,'PUGET SOUND ENERGY INC||CITY OF TACOMA - (WA)'),(164,'PUGET SOUND ENERGY INC'),(165,'PUGET SOUND ENERGY INC||CITY OF TACOMA - (WA)'),(166,'PUGET SOUND ENERGY INC||CITY OF TACOMA - (WA)'),(167,'CITY OF SEATTLE - (WA)|CITY OF TACOMA - (WA)'),(168,'PUGET SOUND ENERGY INC||PUD NO 1 OF WHATCOM COUNTY'),(170,'CITY OF SEATTLE - (WA)|CITY OF TACOMA - (WA)'),(174,'PUGET SOUND ENERGY INC||PUD NO 1 OF WHATCOM COUNTY'),(176,'PUD NO 1 OF DOUGLAS COUNTY'),(177,'PUGET SOUND ENERGY INC'),(178,'PUGET SOUND ENERGY INC||CITY OF TACOMA - (WA)'),(179,'PUGET SOUND ENERGY INC||CITY OF TACOMA - (WA)'),(180,'PUGET SOUND ENERGY INC||CITY OF TACOMA - (WA)'),(181,'PUGET SOUND ENERGY INC||CITY OF TACOMA - (WA)'),(182,'PUGET SOUND ENERGY INC'),(183,'CITY OF SEATTLE - (WA)|CITY OF TACOMA - (WA)'),(184,'PUGET SOUND ENERGY INC||CITY OF TACOMA - (WA)'),(185,'PUGET SOUND ENERGY INC'),(187,'PUGET SOUND ENERGY INC'),(192,'PUGET SOUND ENERGY INC||CITY OF TACOMA - (WA)'),(193,'PUGET SOUND ENERGY INC||CITY OF TACOMA - (WA)'),(194,'PUGET SOUND ENERGY INC||CITY OF TACOMA - (WA)'),(195,'PUGET SOUND ENERGY INC||CITY OF TACOMA - (WA)'),(196,'CITY OF SEATTLE - (WA)|CITY OF TACOMA - (WA)'),(197,'CITY OF SEATTLE - (WA)|CITY OF TACOMA - (WA)'),(198,'PUGET SOUND ENERGY INC'),(200,'PUGET SOUND ENERGY INC||CITY OF TACOMA - (WA)'),(201,'PUGET SOUND ENERGY INC||CITY OF TACOMA - (WA)'),(202,'PUGET SOUND ENERGY INC||CITY OF TACOMA - (WA)'),(203,'PUGET SOUND ENERGY INC||CITY OF TACOMA - (WA)'),(204,'PUGET SOUND ENERGY INC'),(205,'CITY OF SEATTLE - (WA)|CITY OF TACOMA - (WA)'),(211,'PUGET SOUND ENERGY INC'),(213,'PUGET SOUND ENERGY INC'),(214,'MODERN ELECTRIC WATER COMPANY'),(215,'PUGET SOUND ENERGY INC||CITY OF TACOMA - (WA)'),(216,'PUGET SOUND ENERGY INC||CITY OF TACOMA - (WA)'),(217,'PUGET SOUND ENERGY INC'),(218,'PUGET SOUND ENERGY INC'),(219,'CITY OF SEATTLE - (WA)|CITY OF TACOMA - (WA)'),(220,'CITY OF SEATTLE - (WA)|CITY OF TACOMA - (WA)'),(222,'PUD NO 1 OF DOUGLAS COUNTY'),(223,'PACIFICORP'),(224,'PUD NO 1 OF CHELAN COUNTY'),(226,'PUGET SOUND ENERGY INC||CITY OF TACOMA - (WA)'),(227,'PUGET SOUND ENERGY INC||CITY OF TACOMA - (WA)'),(228,'PUGET SOUND ENERGY INC||CITY OF TACOMA - (WA)'),(229,'PUGET SOUND ENERGY INC'),(230,'PUGET SOUND ENERGY INC||CITY OF TACOMA - (WA)'),(231,'PUGET SOUND ENERGY INC||CITY OF TACOMA - (WA)'),(232,'PUGET SOUND ENERGY INC||CITY OF TACOMA - (WA)'),(233,'PUGET SOUND ENERGY INC||CITY OF TACOMA - (WA)'),(234,'PUGET SOUND ENERGY INC'),(235,'PUGET SOUND ENERGY INC'),(236,'PUGET SOUND ENERGY INC'),(237,'PUGET SOUND ENERGY INC'),(238,'CITY OF SEATTLE - (WA)|CITY OF TACOMA - (WA)'),(240,'PUGET SOUND ENERGY INC||PUD NO 1 OF WHATCOM COUNTY'),(241,'PUGET SOUND ENERGY INC'),(243,'PUGET SOUND ENERGY INC||CITY OF TACOMA - (WA)'),(244,'PUGET SOUND ENERGY INC||CITY OF TACOMA - (WA)'),(245,'PUGET SOUND ENERGY INC||CITY OF TACOMA - (WA)'),(246,'PUGET SOUND ENERGY INC||CITY OF TACOMA - (WA)'),(247,'PUGET SOUND ENERGY INC||CITY OF TACOMA - (WA)'),(248,'PUGET SOUND ENERGY INC||CITY OF TACOMA - (WA)'),(249,'PUGET SOUND ENERGY INC||CITY OF TACOMA - (WA)'),(250,'PUGET SOUND ENERGY INC||CITY OF TACOMA - (WA)'),(251,'CITY OF SEATTLE - (WA)|CITY OF TACOMA - (WA)'),(253,'PUGET SOUND ENERGY INC||CITY OF TACOMA - (WA)'),(254,'PUGET SOUND ENERGY INC||PUD NO 1 OF WHATCOM COUNTY'),(255,'PUGET SOUND ENERGY INC||CITY OF TACOMA - (WA)'),(256,'PUGET SOUND ENERGY INC'),(257,'PUGET SOUND ENERGY INC||CITY OF TACOMA - (WA)'),(258,'PUGET SOUND ENERGY INC||CITY OF TACOMA - (WA)'),(259,'PUGET SOUND ENERGY INC'),(260,'PUGET SOUND ENERGY INC||CITY OF TACOMA - (WA)'),(261,'CITY OF SEATTLE - (WA)|CITY OF TACOMA - (WA)'),(262,'CITY OF SEATTLE - (WA)|CITY OF TACOMA - (WA)'),(263,'PUGET SOUND ENERGY INC||CITY OF TACOMA - (WA)'),(264,'PUGET SOUND ENERGY INC||CITY OF TACOMA - (WA)'),(266,'PUGET SOUND ENERGY INC||CITY OF TACOMA - (WA)'),(267,'PUGET SOUND ENERGY INC||CITY OF TACOMA - (WA)'),(269,'PUD NO 2 OF GRANT COUNTY'),(270,'PUGET SOUND ENERGY INC'),(271,'PUGET SOUND ENERGY INC||CITY OF TACOMA - (WA)'),(272,'CITY OF SEATTLE - (WA)|CITY OF TACOMA - (WA)'),(273,'CITY OF SEATTLE - (WA)|CITY OF TACOMA - (WA)'),(274,'PUGET SOUND ENERGY INC||CITY OF TACOMA - (WA)'),(275,'PUGET SOUND ENERGY INC||CITY OF TACOMA - (WA)'),(276,'PUGET SOUND ENERGY INC||CITY OF TACOMA - (WA)'),(277,'PUGET SOUND ENERGY INC||CITY OF TACOMA - (WA)'),(278,'CITY OF SEATTLE - (WA)|CITY OF TACOMA - (WA)'),(279,'PUGET SOUND ENERGY INC||CITY OF TACOMA - (WA)'),(280,'PUGET SOUND ENERGY INC||CITY OF TACOMA - (WA)'),(281,'PUGET SOUND ENERGY INC||CITY OF TACOMA - (WA)'),(283,'PUGET SOUND ENERGY INC||CITY OF TACOMA - (WA)'),(285,'MODERN ELECTRIC WATER COMPANY'),(286,'PUGET SOUND ENERGY INC||CITY OF TACOMA - (WA)'),(287,'CITY OF SEATTLE - (WA)|CITY OF TACOMA - (WA)'),(288,'PUGET SOUND ENERGY INC'),(289,'PUGET SOUND ENERGY INC||CITY OF TACOMA - (WA)'),(290,'PUGET SOUND ENERGY INC||CITY OF TACOMA - (WA)'),(291,'PUGET SOUND ENERGY INC||CITY OF TACOMA - (WA)'),(292,'PUGET SOUND ENERGY INC||CITY OF TACOMA - (WA)'),(293,'PUGET SOUND ENERGY INC'),(294,'PUGET SOUND ENERGY INC'),(295,'PUD NO 1 OF DOUGLAS COUNTY'),(296,'PUGET SOUND ENERGY INC||CITY OF TACOMA - (WA)'),(297,'PUGET SOUND ENERGY INC'),(298,'PUGET SOUND ENERGY INC'),(299,'PUGET SOUND ENERGY INC'),(302,'CITY OF SEATTLE - (WA)|CITY OF TACOMA - (WA)'),(304,'PUGET SOUND ENERGY INC||PUD NO 1 OF WHATCOM COUNTY'),(306,'PUGET SOUND ENERGY INC||PUD NO 1 OF WHATCOM COUNTY'),(308,'PUGET SOUND ENERGY INC||CITY OF TACOMA - (WA)'),(309,'PUGET SOUND ENERGY INC||CITY OF TACOMA - (WA)'),(310,'CITY OF SEATTLE - (WA)|CITY OF TACOMA - (WA)'),(312,'PUGET SOUND ENERGY INC'),(314,'PUGET SOUND ENERGY INC||CITY OF TACOMA - (WA)'),(315,'PUGET SOUND ENERGY INC||CITY OF TACOMA - (WA)'),(316,'PUGET SOUND ENERGY INC||CITY OF TACOMA - (WA)'),(317,'PUGET SOUND ENERGY INC||CITY OF TACOMA - (WA)'),(318,'PUGET SOUND ENERGY INC||CITY OF TACOMA - (WA)'),(319,'PUGET SOUND ENERGY INC||CITY OF TACOMA - (WA)'),(320,'PUGET SOUND ENERGY INC||CITY OF TACOMA - (WA)'),(321,'PUGET SOUND ENERGY INC||CITY OF TACOMA - (WA)'),(322,'PUGET SOUND ENERGY INC||CITY OF TACOMA - (WA)'),(323,'PUGET SOUND ENERGY INC||CITY OF TACOMA - (WA)'),(324,'PUGET SOUND ENERGY INC||CITY OF TACOMA - (WA)'),(325,'PUGET SOUND ENERGY INC||CITY OF TACOMA - (WA)'),(327,'CITY OF SEATTLE - (WA)|CITY OF TACOMA - (WA)'),(328,'CITY OF SEATTLE - (WA)|CITY OF TACOMA - (WA)'),(329,'PUGET SOUND ENERGY INC||CITY OF TACOMA - (WA)'),(330,'PUGET SOUND ENERGY INC||CITY OF TACOMA - (WA)'),(331,'PUGET SOUND ENERGY INC||CITY OF TACOMA - (WA)'),(332,'PUGET SOUND ENERGY INC||CITY OF TACOMA - (WA)'),(333,'CITY OF SEATTLE - (WA)|CITY OF TACOMA - (WA)'),(334,'CITY OF SEATTLE - (WA)|CITY OF TACOMA - (WA)'),(335,'CITY OF SEATTLE - (WA)|CITY OF TACOMA - (WA)'),(336,'CITY OF SEATTLE - (WA)|CITY OF TACOMA - (WA)'),(337,'PUGET SOUND ENERGY INC||PUD NO 1 OF WHATCOM COUNTY'),(338,'PUGET SOUND ENERGY INC||CITY OF TACOMA - (WA)'),(339,'PUGET SOUND ENERGY INC||CITY OF TACOMA - (WA)'),(340,'PUGET SOUND ENERGY INC||CITY OF TACOMA - (WA)'),(341,'CITY OF SEATTLE - (WA)|CITY OF TACOMA - (WA)'),(343,'PUGET SOUND ENERGY INC||CITY OF TACOMA - (WA)'),(344,'PUGET SOUND ENERGY INC||CITY OF TACOMA - (WA)'),(345,'PUGET SOUND ENERGY INC||CITY OF TACOMA - (WA)'),(346,'PUGET SOUND ENERGY INC||CITY OF TACOMA - (WA)'),(347,'PUGET SOUND ENERGY INC||CITY OF TACOMA - (WA)'),(348,'PUGET SOUND ENERGY INC'),(349,'PUGET SOUND ENERGY INC||CITY OF TACOMA - (WA)'),(350,'PUGET SOUND ENERGY INC||CITY OF TACOMA - (WA)'),(351,'PUGET SOUND ENERGY INC||CITY OF TACOMA - (WA)'),(352,'CITY OF SEATTLE - (WA)|CITY OF TACOMA - (WA)'),(353,'CITY OF SEATTLE - (WA)|CITY OF TACOMA - (WA)'),(354,'CITY OF SEATTLE - (WA)|CITY OF TACOMA - (WA)'),(355,'PUGET SOUND ENERGY INC||CITY OF TACOMA - (WA)'),(356,'PUGET SOUND ENERGY INC'),(358,'CITY OF BLAINE - (WA)||PUD NO 1 OF WHATCOM COUNTY'),(359,'PUGET SOUND ENERGY INC||CITY OF TACOMA - (WA)'),(360,'PUGET SOUND ENERGY INC||CITY OF TACOMA - (WA)'),(361,'PUGET SOUND ENERGY INC||CITY OF TACOMA - (WA)'),(362,'PUGET SOUND ENERGY INC||CITY OF TACOMA - (WA)'),(363,'PUGET SOUND ENERGY INC||CITY OF TACOMA - (WA)'),(364,'PUGET SOUND ENERGY INC'),(365,'CITY OF SEATTLE - (WA)|CITY OF TACOMA - (WA)'),(367,'PUGET SOUND ENERGY INC'),(368,'PUGET SOUND ENERGY INC||CITY OF TACOMA - (WA)'),(369,'PUGET SOUND ENERGY INC||CITY OF TACOMA - (WA)'),(370,'PUGET SOUND ENERGY INC||CITY OF TACOMA - (WA)'),(371,'PUGET SOUND ENERGY INC'),(372,'PUGET SOUND ENERGY INC||CITY OF TACOMA - (WA)'),(373,'CITY OF SEATTLE - (WA)|CITY OF TACOMA - (WA)'),(374,'CITY OF SEATTLE - (WA)|CITY OF TACOMA - (WA)'),(375,'CITY OF SEATTLE - (WA)|CITY OF TACOMA - (WA)'),(377,'PUGET SOUND ENERGY INC'),(378,'PUGET SOUND ENERGY INC||CITY OF TACOMA - (WA)'),(379,'PUGET SOUND ENERGY INC||CITY OF TACOMA - (WA)'),(380,'PUGET SOUND ENERGY INC||CITY OF TACOMA - (WA)'),(381,'PUGET SOUND ENERGY INC||CITY OF TACOMA - (WA)'),(382,'CITY OF SEATTLE - (WA)|CITY OF TACOMA - (WA)'),(384,'PUGET SOUND ENERGY INC||CITY OF TACOMA - (WA)'),(385,'PUGET SOUND ENERGY INC||CITY OF TACOMA - (WA)'),(386,'PUGET SOUND ENERGY INC||CITY OF TACOMA - (WA)'),(387,'PUGET SOUND ENERGY INC||CITY OF TACOMA - (WA)'),(388,'PUGET SOUND ENERGY INC||CITY OF TACOMA - (WA)'),(390,'PUD NO 1 OF OKANOGAN COUNTY'),(392,'PUGET SOUND ENERGY INC||CITY OF TACOMA - (WA)'),(393,'PUGET SOUND ENERGY INC||CITY OF TACOMA - (WA)'),(394,'PUGET SOUND ENERGY INC||CITY OF TACOMA - (WA)'),(395,'PUGET SOUND ENERGY INC||CITY OF TACOMA - (WA)'),(396,'PUGET SOUND ENERGY INC||CITY OF TACOMA - (WA)'),(397,'PUGET SOUND ENERGY INC||CITY OF TACOMA - (WA)'),(398,'PUGET SOUND ENERGY INC||CITY OF TACOMA - (WA)'),(399,'PUGET SOUND ENERGY INC'),(400,'PUGET SOUND ENERGY INC||CITY OF TACOMA - (WA)'),(401,'PUGET SOUND ENERGY INC||CITY OF TACOMA - (WA)'),(402,'PUGET SOUND ENERGY INC||CITY OF TACOMA - (WA)'),(403,'PUGET SOUND ENERGY INC||CITY OF TACOMA - (WA)'),(404,'PUGET SOUND ENERGY INC||CITY OF TACOMA - (WA)'),(405,'PUGET SOUND ENERGY INC||CITY OF TACOMA - (WA)'),(406,'PUGET SOUND ENERGY INC'),(407,'PUGET SOUND ENERGY INC'),(408,'PUGET SOUND ENERGY INC||CITY OF TACOMA - (WA)'),(409,'PUGET SOUND ENERGY INC||CITY OF TACOMA - (WA)'),(410,'PUGET SOUND ENERGY INC||CITY OF TACOMA - (WA)'),(411,'CITY OF SEATTLE - (WA)|CITY OF TACOMA - (WA)'),(413,'PUGET SOUND ENERGY INC||CITY OF TACOMA - (WA)'),(414,'CITY OF SEATTLE - (WA)|CITY OF TACOMA - (WA)'),(415,'PUGET SOUND ENERGY INC'),(416,'CITY OF SEATTLE - (WA)|CITY OF TACOMA - (WA)'),(417,'CITY OF SEATTLE - (WA)|CITY OF TACOMA - (WA)'),(418,'CITY OF SEATTLE - (WA)|CITY OF TACOMA - (WA)'),(420,'PUGET SOUND ENERGY INC||PUD NO 1 OF WHATCOM COUNTY'),(421,'PUGET SOUND ENERGY INC'),(424,'CITY OF SEATTLE - (WA)|CITY OF TACOMA - (WA)'),(426,'CITY OF SEATTLE - (WA)|CITY OF TACOMA - (WA)'),(427,'CITY OF SEATTLE - (WA)|CITY OF TACOMA - (WA)'),(428,'PUGET SOUND ENERGY INC||CITY OF TACOMA - (WA)'),(430,'PUGET SOUND ENERGY INC'),(431,'PUGET SOUND ENERGY INC||CITY OF TACOMA - (WA)'),(433,'PUGET SOUND ENERGY INC||CITY OF TACOMA - (WA)'),(435,'PUGET SOUND ENERGY INC||CITY OF TACOMA - (WA)'),(436,'PUGET SOUND ENERGY INC||CITY OF TACOMA - (WA)'),(437,'PUGET SOUND ENERGY INC'),(439,'PUGET SOUND ENERGY INC||CITY OF TACOMA - (WA)'),(440,'PUGET SOUND ENERGY INC||CITY OF TACOMA - (WA)'),(442,'PACIFICORP'),(443,'CITY OF SEATTLE - (WA)|CITY OF TACOMA - (WA)'),(444,'PUGET SOUND ENERGY INC'),(445,'PUGET SOUND ENERGY INC||CITY OF TACOMA - (WA)'),(446,'PUGET SOUND ENERGY INC||CITY OF TACOMA - (WA)'),(447,'CITY OF SEATTLE - (WA)|CITY OF TACOMA - (WA)'),(449,'CITY OF SEATTLE - (WA)|CITY OF TACOMA - (WA)'),(450,'CITY OF SEATTLE - (WA)|CITY OF TACOMA - (WA)'),(451,'PUGET SOUND ENERGY INC'),(454,'PUGET SOUND ENERGY INC||CITY OF TACOMA - (WA)'),(455,'CITY OF SEATTLE - (WA)|CITY OF TACOMA - (WA)'),(456,'PUGET SOUND ENERGY INC'),(457,'PUGET SOUND ENERGY INC||CITY OF TACOMA - (WA)'),(458,'CITY OF SEATTLE - (WA)|CITY OF TACOMA - (WA)'),(459,'PUGET SOUND ENERGY INC||CITY OF TACOMA - (WA)'),(460,'PUGET SOUND ENERGY INC||CITY OF TACOMA - (WA)'),(461,'PUGET SOUND ENERGY INC||CITY OF TACOMA - (WA)'),(462,'PUGET SOUND ENERGY INC'),(463,'PUGET SOUND ENERGY INC||CITY OF TACOMA - (WA)'),(464,'PUGET SOUND ENERGY INC'),(465,'CITY OF SEATTLE - (WA)|CITY OF TACOMA - (WA)'),(466,'CITY OF SEATTLE - (WA)|CITY OF TACOMA - (WA)'),(468,'PUGET SOUND ENERGY INC||CITY OF TACOMA - (WA)'),(470,'PUGET SOUND ENERGY INC||CITY OF TACOMA - (WA)'),(471,'CITY OF SEATTLE - (WA)|CITY OF TACOMA - (WA)'),(473,'CITY OF SEATTLE - (WA)|CITY OF TACOMA - (WA)'),(474,'PUGET SOUND ENERGY INC||CITY OF TACOMA - (WA)'),(475,'CITY OF SEATTLE - (WA)|CITY OF TACOMA - (WA)'),(477,'PUGET SOUND ENERGY INC'),(478,'PUGET SOUND ENERGY INC||CITY OF TACOMA - (WA)'),(479,'CITY OF SEATTLE - (WA)|CITY OF TACOMA - (WA)'),(480,'PUGET SOUND ENERGY INC'),(481,'PUGET SOUND ENERGY INC||CITY OF TACOMA - (WA)'),(482,'CITY OF SEATTLE - (WA)|CITY OF TACOMA - (WA)'),(484,'PUGET SOUND ENERGY INC'),(485,'PUGET SOUND ENERGY INC||PUD NO 1 OF WHATCOM COUNTY'),(488,'PUGET SOUND ENERGY INC'),(489,'CITY OF SEATTLE - (WA)|CITY OF TACOMA - (WA)'),(490,'PUGET SOUND ENERGY INC||CITY OF TACOMA - (WA)'),(491,'PUGET SOUND ENERGY INC||CITY OF TACOMA - (WA)'),(492,'PUGET SOUND ENERGY INC||CITY OF TACOMA - (WA)'),(493,'CITY OF SEATTLE - (WA)|CITY OF TACOMA - (WA)'),(494,'PUGET SOUND ENERGY INC'),(495,'PUGET SOUND ENERGY INC||CITY OF TACOMA - (WA)'),(497,'CITY OF SEATTLE - (WA)|CITY OF TACOMA - (WA)'),(498,'PUGET SOUND ENERGY INC||CITY OF TACOMA - (WA)'),(499,'PUGET SOUND ENERGY INC||CITY OF TACOMA - (WA)'),(500,'PUGET SOUND ENERGY INC||CITY OF TACOMA - (WA)'),(501,'CITY OF SEATTLE - (WA)|CITY OF TACOMA - (WA)'),(502,'CITY OF SEATTLE - (WA)|CITY OF TACOMA - (WA)'),(503,'CITY OF SEATTLE - (WA)|CITY OF TACOMA - (WA)'),(504,'PUGET SOUND ENERGY INC'),(505,'CITY OF SEATTLE - (WA)|CITY OF TACOMA - (WA)'),(506,'CITY OF SEATTLE - (WA)|CITY OF TACOMA - (WA)');
/*!40000 ALTER TABLE `electric_utilities` ENABLE KEYS */;
UNLOCK TABLES;
/*!40103 SET TIME_ZONE=@OLD_TIME_ZONE */;

/*!40101 SET SQL_MODE=@OLD_SQL_MODE */;
/*!40014 SET FOREIGN_KEY_CHECKS=@OLD_FOREIGN_KEY_CHECKS */;
/*!40014 SET UNIQUE_CHECKS=@OLD_UNIQUE_CHECKS */;
/*!40101 SET CHARACTER_SET_CLIENT=@OLD_CHARACTER_SET_CLIENT */;
/*!40101 SET CHARACTER_SET_RESULTS=@OLD_CHARACTER_SET_RESULTS */;
/*!40101 SET COLLATION_CONNECTION=@OLD_COLLATION_CONNECTION */;
/*!40111 SET SQL_NOTES=@OLD_SQL_NOTES */;

-- Dump completed on 2024-05-12 14:41:32
-- MySQL dump 10.13  Distrib 8.0.36, for macos14 (arm64)
--
-- Host: localhost    Database: electric_vehicle
-- ------------------------------------------------------
-- Server version	8.0.36

/*!40101 SET @OLD_CHARACTER_SET_CLIENT=@@CHARACTER_SET_CLIENT */;
/*!40101 SET @OLD_CHARACTER_SET_RESULTS=@@CHARACTER_SET_RESULTS */;
/*!40101 SET @OLD_COLLATION_CONNECTION=@@COLLATION_CONNECTION */;
/*!50503 SET NAMES utf8 */;
/*!40103 SET @OLD_TIME_ZONE=@@TIME_ZONE */;
/*!40103 SET TIME_ZONE='+00:00' */;
/*!40014 SET @OLD_UNIQUE_CHECKS=@@UNIQUE_CHECKS, UNIQUE_CHECKS=0 */;
/*!40014 SET @OLD_FOREIGN_KEY_CHECKS=@@FOREIGN_KEY_CHECKS, FOREIGN_KEY_CHECKS=0 */;
/*!40101 SET @OLD_SQL_MODE=@@SQL_MODE, SQL_MODE='NO_AUTO_VALUE_ON_ZERO' */;
/*!40111 SET @OLD_SQL_NOTES=@@SQL_NOTES, SQL_NOTES=0 */;

--
-- Table structure for table `electric_vehicle_types`
--

DROP TABLE IF EXISTS `electric_vehicle_types`;
/*!40101 SET @saved_cs_client     = @@character_set_client */;
/*!50503 SET character_set_client = utf8mb4 */;
CREATE TABLE `electric_vehicle_types` (
  `electric_vehicle_type_id` int NOT NULL,
  `electric_vehicle_type_description` varchar(150) DEFAULT NULL,
  PRIMARY KEY (`electric_vehicle_type_id`)
) ENGINE=InnoDB DEFAULT CHARSET=utf8mb4 COLLATE=utf8mb4_0900_ai_ci;
/*!40101 SET character_set_client = @saved_cs_client */;

--
-- Dumping data for table `electric_vehicle_types`
--

LOCK TABLES `electric_vehicle_types` WRITE;
/*!40000 ALTER TABLE `electric_vehicle_types` DISABLE KEYS */;
INSERT INTO `electric_vehicle_types` VALUES (1,'Plug-in Hybrid Electric Vehicle (PHEV)'),(2,'Plug-in Hybrid Electric Vehicle (PHEV)'),(3,'Plug-in Hybrid Electric Vehicle (PHEV)'),(4,'Plug-in Hybrid Electric Vehicle (PHEV)'),(5,'Plug-in Hybrid Electric Vehicle (PHEV)'),(6,'Plug-in Hybrid Electric Vehicle (PHEV)'),(7,'Plug-in Hybrid Electric Vehicle (PHEV)'),(8,'Plug-in Hybrid Electric Vehicle (PHEV)'),(9,'Plug-in Hybrid Electric Vehicle (PHEV)'),(10,'Plug-in Hybrid Electric Vehicle (PHEV)'),(11,'Plug-in Hybrid Electric Vehicle (PHEV)'),(12,'Plug-in Hybrid Electric Vehicle (PHEV)'),(13,'Plug-in Hybrid Electric Vehicle (PHEV)'),(14,'Plug-in Hybrid Electric Vehicle (PHEV)'),(15,'Plug-in Hybrid Electric Vehicle (PHEV)'),(16,'Plug-in Hybrid Electric Vehicle (PHEV)'),(17,'Plug-in Hybrid Electric Vehicle (PHEV)'),(18,'Plug-in Hybrid Electric Vehicle (PHEV)'),(19,'Plug-in Hybrid Electric Vehicle (PHEV)'),(20,'Plug-in Hybrid Electric Vehicle (PHEV)'),(21,'Plug-in Hybrid Electric Vehicle (PHEV)'),(22,'Plug-in Hybrid Electric Vehicle (PHEV)'),(23,'Plug-in Hybrid Electric Vehicle (PHEV)'),(24,'Plug-in Hybrid Electric Vehicle (PHEV)'),(25,'Battery Electric Vehicle (BEV)'),(26,'Battery Electric Vehicle (BEV)'),(27,'Battery Electric Vehicle (BEV)'),(28,'Battery Electric Vehicle (BEV)'),(29,'Battery Electric Vehicle (BEV)'),(30,'Battery Electric Vehicle (BEV)'),(31,'Battery Electric Vehicle (BEV)'),(32,'Battery Electric Vehicle (BEV)'),(33,'Battery Electric Vehicle (BEV)'),(34,'Battery Electric Vehicle (BEV)'),(35,'Battery Electric Vehicle (BEV)'),(36,'Battery Electric Vehicle (BEV)'),(37,'Battery Electric Vehicle (BEV)'),(38,'Battery Electric Vehicle (BEV)'),(39,'Battery Electric Vehicle (BEV)'),(40,'Battery Electric Vehicle (BEV)'),(41,'Battery Electric Vehicle (BEV)'),(42,'Battery Electric Vehicle (BEV)'),(43,'Battery Electric Vehicle (BEV)'),(44,'Battery Electric Vehicle (BEV)'),(45,'Battery Electric Vehicle (BEV)'),(46,'Battery Electric Vehicle (BEV)'),(47,'Battery Electric Vehicle (BEV)'),(48,'Battery Electric Vehicle (BEV)'),(49,'Battery Electric Vehicle (BEV)'),(50,'Battery Electric Vehicle (BEV)'),(51,'Battery Electric Vehicle (BEV)'),(52,'Battery Electric Vehicle (BEV)'),(53,'Battery Electric Vehicle (BEV)'),(54,'Battery Electric Vehicle (BEV)'),(55,'Battery Electric Vehicle (BEV)'),(56,'Battery Electric Vehicle (BEV)'),(57,'Battery Electric Vehicle (BEV)'),(58,'Battery Electric Vehicle (BEV)'),(59,'Battery Electric Vehicle (BEV)'),(60,'Battery Electric Vehicle (BEV)'),(61,'Battery Electric Vehicle (BEV)'),(62,'Battery Electric Vehicle (BEV)'),(63,'Battery Electric Vehicle (BEV)'),(64,'Battery Electric Vehicle (BEV)'),(65,'Battery Electric Vehicle (BEV)'),(66,'Battery Electric Vehicle (BEV)'),(67,'Battery Electric Vehicle (BEV)'),(68,'Battery Electric Vehicle (BEV)'),(69,'Battery Electric Vehicle (BEV)'),(70,'Battery Electric Vehicle (BEV)'),(71,'Plug-in Hybrid Electric Vehicle (PHEV)'),(72,'Plug-in Hybrid Electric Vehicle (PHEV)'),(73,'Plug-in Hybrid Electric Vehicle (PHEV)'),(74,'Plug-in Hybrid Electric Vehicle (PHEV)'),(75,'Plug-in Hybrid Electric Vehicle (PHEV)'),(76,'Plug-in Hybrid Electric Vehicle (PHEV)'),(77,'Plug-in Hybrid Electric Vehicle (PHEV)'),(78,'Plug-in Hybrid Electric Vehicle (PHEV)'),(79,'Plug-in Hybrid Electric Vehicle (PHEV)'),(80,'Plug-in Hybrid Electric Vehicle (PHEV)'),(81,'Plug-in Hybrid Electric Vehicle (PHEV)'),(82,'Plug-in Hybrid Electric Vehicle (PHEV)'),(83,'Plug-in Hybrid Electric Vehicle (PHEV)'),(84,'Plug-in Hybrid Electric Vehicle (PHEV)'),(85,'Plug-in Hybrid Electric Vehicle (PHEV)'),(86,'Battery Electric Vehicle (BEV)'),(87,'Battery Electric Vehicle (BEV)'),(88,'Battery Electric Vehicle (BEV)'),(89,'Battery Electric Vehicle (BEV)'),(90,'Battery Electric Vehicle (BEV)'),(91,'Battery Electric Vehicle (BEV)'),(92,'Battery Electric Vehicle (BEV)'),(93,'Battery Electric Vehicle (BEV)'),(94,'Battery Electric Vehicle (BEV)'),(95,'Battery Electric Vehicle (BEV)'),(96,'Battery Electric Vehicle (BEV)'),(97,'Battery Electric Vehicle (BEV)'),(98,'Battery Electric Vehicle (BEV)'),(99,'Battery Electric Vehicle (BEV)'),(100,'Battery Electric Vehicle (BEV)'),(101,'Battery Electric Vehicle (BEV)'),(102,'Battery Electric Vehicle (BEV)'),(103,'Battery Electric Vehicle (BEV)'),(104,'Battery Electric Vehicle (BEV)'),(105,'Battery Electric Vehicle (BEV)'),(106,'Battery Electric Vehicle (BEV)'),(107,'Battery Electric Vehicle (BEV)'),(108,'Battery Electric Vehicle (BEV)'),(109,'Battery Electric Vehicle (BEV)'),(110,'Battery Electric Vehicle (BEV)'),(111,'Battery Electric Vehicle (BEV)'),(112,'Battery Electric Vehicle (BEV)'),(113,'Battery Electric Vehicle (BEV)'),(114,'Battery Electric Vehicle (BEV)'),(115,'Battery Electric Vehicle (BEV)'),(116,'Battery Electric Vehicle (BEV)'),(117,'Battery Electric Vehicle (BEV)'),(118,'Battery Electric Vehicle (BEV)'),(119,'Battery Electric Vehicle (BEV)'),(120,'Battery Electric Vehicle (BEV)'),(121,'Battery Electric Vehicle (BEV)'),(122,'Battery Electric Vehicle (BEV)'),(123,'Battery Electric Vehicle (BEV)'),(124,'Battery Electric Vehicle (BEV)'),(125,'Battery Electric Vehicle (BEV)'),(126,'Battery Electric Vehicle (BEV)'),(127,'Battery Electric Vehicle (BEV)'),(128,'Battery Electric Vehicle (BEV)'),(129,'Battery Electric Vehicle (BEV)'),(130,'Battery Electric Vehicle (BEV)'),(131,'Battery Electric Vehicle (BEV)'),(132,'Battery Electric Vehicle (BEV)'),(133,'Battery Electric Vehicle (BEV)'),(134,'Battery Electric Vehicle (BEV)'),(135,'Battery Electric Vehicle (BEV)'),(136,'Battery Electric Vehicle (BEV)'),(137,'Battery Electric Vehicle (BEV)'),(138,'Battery Electric Vehicle (BEV)'),(139,'Battery Electric Vehicle (BEV)'),(140,'Battery Electric Vehicle (BEV)'),(141,'Battery Electric Vehicle (BEV)'),(142,'Battery Electric Vehicle (BEV)'),(143,'Battery Electric Vehicle (BEV)'),(144,'Battery Electric Vehicle (BEV)'),(145,'Battery Electric Vehicle (BEV)'),(146,'Battery Electric Vehicle (BEV)'),(147,'Battery Electric Vehicle (BEV)'),(148,'Battery Electric Vehicle (BEV)'),(149,'Battery Electric Vehicle (BEV)'),(150,'Battery Electric Vehicle (BEV)'),(151,'Battery Electric Vehicle (BEV)'),(152,'Battery Electric Vehicle (BEV)'),(153,'Battery Electric Vehicle (BEV)'),(154,'Battery Electric Vehicle (BEV)'),(155,'Battery Electric Vehicle (BEV)'),(156,'Battery Electric Vehicle (BEV)'),(157,'Battery Electric Vehicle (BEV)'),(158,'Battery Electric Vehicle (BEV)'),(159,'Battery Electric Vehicle (BEV)'),(160,'Plug-in Hybrid Electric Vehicle (PHEV)'),(161,'Plug-in Hybrid Electric Vehicle (PHEV)'),(162,'Plug-in Hybrid Electric Vehicle (PHEV)'),(163,'Plug-in Hybrid Electric Vehicle (PHEV)'),(164,'Plug-in Hybrid Electric Vehicle (PHEV)'),(165,'Plug-in Hybrid Electric Vehicle (PHEV)'),(166,'Plug-in Hybrid Electric Vehicle (PHEV)'),(167,'Plug-in Hybrid Electric Vehicle (PHEV)'),(168,'Plug-in Hybrid Electric Vehicle (PHEV)'),(169,'Plug-in Hybrid Electric Vehicle (PHEV)'),(170,'Plug-in Hybrid Electric Vehicle (PHEV)'),(171,'Plug-in Hybrid Electric Vehicle (PHEV)'),(172,'Plug-in Hybrid Electric Vehicle (PHEV)'),(173,'Plug-in Hybrid Electric Vehicle (PHEV)'),(174,'Plug-in Hybrid Electric Vehicle (PHEV)'),(175,'Plug-in Hybrid Electric Vehicle (PHEV)'),(176,'Plug-in Hybrid Electric Vehicle (PHEV)'),(177,'Plug-in Hybrid Electric Vehicle (PHEV)'),(178,'Plug-in Hybrid Electric Vehicle (PHEV)'),(179,'Plug-in Hybrid Electric Vehicle (PHEV)'),(180,'Plug-in Hybrid Electric Vehicle (PHEV)'),(181,'Plug-in Hybrid Electric Vehicle (PHEV)'),(182,'Plug-in Hybrid Electric Vehicle (PHEV)'),(183,'Plug-in Hybrid Electric Vehicle (PHEV)'),(184,'Plug-in Hybrid Electric Vehicle (PHEV)'),(185,'Plug-in Hybrid Electric Vehicle (PHEV)'),(186,'Plug-in Hybrid Electric Vehicle (PHEV)'),(187,'Plug-in Hybrid Electric Vehicle (PHEV)'),(188,'Plug-in Hybrid Electric Vehicle (PHEV)'),(189,'Plug-in Hybrid Electric Vehicle (PHEV)'),(190,'Plug-in Hybrid Electric Vehicle (PHEV)'),(191,'Plug-in Hybrid Electric Vehicle (PHEV)'),(192,'Plug-in Hybrid Electric Vehicle (PHEV)'),(193,'Plug-in Hybrid Electric Vehicle (PHEV)'),(194,'Plug-in Hybrid Electric Vehicle (PHEV)'),(195,'Plug-in Hybrid Electric Vehicle (PHEV)'),(196,'Plug-in Hybrid Electric Vehicle (PHEV)'),(197,'Plug-in Hybrid Electric Vehicle (PHEV)'),(198,'Plug-in Hybrid Electric Vehicle (PHEV)'),(199,'Plug-in Hybrid Electric Vehicle (PHEV)'),(200,'Plug-in Hybrid Electric Vehicle (PHEV)'),(201,'Plug-in Hybrid Electric Vehicle (PHEV)'),(202,'Plug-in Hybrid Electric Vehicle (PHEV)'),(203,'Plug-in Hybrid Electric Vehicle (PHEV)'),(204,'Plug-in Hybrid Electric Vehicle (PHEV)'),(205,'Plug-in Hybrid Electric Vehicle (PHEV)'),(206,'Plug-in Hybrid Electric Vehicle (PHEV)'),(207,'Plug-in Hybrid Electric Vehicle (PHEV)'),(208,'Plug-in Hybrid Electric Vehicle (PHEV)'),(209,'Plug-in Hybrid Electric Vehicle (PHEV)'),(210,'Plug-in Hybrid Electric Vehicle (PHEV)'),(211,'Plug-in Hybrid Electric Vehicle (PHEV)'),(212,'Plug-in Hybrid Electric Vehicle (PHEV)'),(213,'Plug-in Hybrid Electric Vehicle (PHEV)'),(214,'Plug-in Hybrid Electric Vehicle (PHEV)'),(215,'Plug-in Hybrid Electric Vehicle (PHEV)'),(216,'Plug-in Hybrid Electric Vehicle (PHEV)'),(217,'Plug-in Hybrid Electric Vehicle (PHEV)'),(218,'Plug-in Hybrid Electric Vehicle (PHEV)'),(219,'Plug-in Hybrid Electric Vehicle (PHEV)'),(220,'Plug-in Hybrid Electric Vehicle (PHEV)'),(221,'Plug-in Hybrid Electric Vehicle (PHEV)'),(222,'Plug-in Hybrid Electric Vehicle (PHEV)'),(223,'Plug-in Hybrid Electric Vehicle (PHEV)'),(224,'Plug-in Hybrid Electric Vehicle (PHEV)'),(225,'Plug-in Hybrid Electric Vehicle (PHEV)'),(226,'Plug-in Hybrid Electric Vehicle (PHEV)'),(227,'Plug-in Hybrid Electric Vehicle (PHEV)'),(228,'Plug-in Hybrid Electric Vehicle (PHEV)'),(229,'Plug-in Hybrid Electric Vehicle (PHEV)'),(230,'Plug-in Hybrid Electric Vehicle (PHEV)'),(231,'Plug-in Hybrid Electric Vehicle (PHEV)'),(232,'Plug-in Hybrid Electric Vehicle (PHEV)'),(233,'Plug-in Hybrid Electric Vehicle (PHEV)'),(234,'Plug-in Hybrid Electric Vehicle (PHEV)'),(235,'Plug-in Hybrid Electric Vehicle (PHEV)'),(236,'Plug-in Hybrid Electric Vehicle (PHEV)'),(237,'Plug-in Hybrid Electric Vehicle (PHEV)'),(238,'Plug-in Hybrid Electric Vehicle (PHEV)'),(239,'Plug-in Hybrid Electric Vehicle (PHEV)'),(240,'Plug-in Hybrid Electric Vehicle (PHEV)'),(241,'Plug-in Hybrid Electric Vehicle (PHEV)'),(242,'Plug-in Hybrid Electric Vehicle (PHEV)'),(243,'Plug-in Hybrid Electric Vehicle (PHEV)'),(244,'Battery Electric Vehicle (BEV)'),(245,'Battery Electric Vehicle (BEV)'),(246,'Battery Electric Vehicle (BEV)'),(247,'Battery Electric Vehicle (BEV)'),(248,'Battery Electric Vehicle (BEV)'),(249,'Battery Electric Vehicle (BEV)'),(250,'Battery Electric Vehicle (BEV)'),(251,'Battery Electric Vehicle (BEV)'),(252,'Battery Electric Vehicle (BEV)'),(253,'Battery Electric Vehicle (BEV)'),(254,'Battery Electric Vehicle (BEV)'),(255,'Battery Electric Vehicle (BEV)'),(256,'Battery Electric Vehicle (BEV)'),(257,'Battery Electric Vehicle (BEV)'),(258,'Battery Electric Vehicle (BEV)'),(259,'Battery Electric Vehicle (BEV)'),(260,'Battery Electric Vehicle (BEV)'),(261,'Battery Electric Vehicle (BEV)'),(262,'Battery Electric Vehicle (BEV)'),(263,'Battery Electric Vehicle (BEV)'),(264,'Battery Electric Vehicle (BEV)'),(265,'Battery Electric Vehicle (BEV)'),(266,'Battery Electric Vehicle (BEV)'),(267,'Battery Electric Vehicle (BEV)'),(268,'Battery Electric Vehicle (BEV)'),(269,'Battery Electric Vehicle (BEV)'),(270,'Battery Electric Vehicle (BEV)'),(271,'Battery Electric Vehicle (BEV)'),(272,'Battery Electric Vehicle (BEV)'),(273,'Battery Electric Vehicle (BEV)'),(274,'Battery Electric Vehicle (BEV)'),(275,'Battery Electric Vehicle (BEV)'),(276,'Battery Electric Vehicle (BEV)'),(277,'Battery Electric Vehicle (BEV)'),(278,'Battery Electric Vehicle (BEV)'),(279,'Battery Electric Vehicle (BEV)'),(280,'Battery Electric Vehicle (BEV)'),(281,'Battery Electric Vehicle (BEV)'),(282,'Battery Electric Vehicle (BEV)'),(283,'Battery Electric Vehicle (BEV)'),(284,'Battery Electric Vehicle (BEV)'),(285,'Battery Electric Vehicle (BEV)'),(286,'Battery Electric Vehicle (BEV)'),(287,'Battery Electric Vehicle (BEV)'),(288,'Battery Electric Vehicle (BEV)'),(289,'Battery Electric Vehicle (BEV)'),(290,'Battery Electric Vehicle (BEV)'),(291,'Battery Electric Vehicle (BEV)'),(292,'Battery Electric Vehicle (BEV)'),(293,'Battery Electric Vehicle (BEV)'),(294,'Battery Electric Vehicle (BEV)'),(295,'Battery Electric Vehicle (BEV)'),(296,'Battery Electric Vehicle (BEV)'),(297,'Battery Electric Vehicle (BEV)'),(298,'Battery Electric Vehicle (BEV)'),(299,'Battery Electric Vehicle (BEV)'),(300,'Battery Electric Vehicle (BEV)'),(301,'Battery Electric Vehicle (BEV)'),(302,'Battery Electric Vehicle (BEV)'),(303,'Battery Electric Vehicle (BEV)'),(304,'Battery Electric Vehicle (BEV)'),(305,'Battery Electric Vehicle (BEV)'),(306,'Battery Electric Vehicle (BEV)'),(307,'Battery Electric Vehicle (BEV)'),(308,'Battery Electric Vehicle (BEV)'),(309,'Battery Electric Vehicle (BEV)'),(310,'Battery Electric Vehicle (BEV)'),(311,'Battery Electric Vehicle (BEV)'),(312,'Battery Electric Vehicle (BEV)'),(313,'Battery Electric Vehicle (BEV)'),(314,'Battery Electric Vehicle (BEV)'),(315,'Battery Electric Vehicle (BEV)'),(316,'Battery Electric Vehicle (BEV)'),(317,'Battery Electric Vehicle (BEV)'),(318,'Battery Electric Vehicle (BEV)'),(319,'Battery Electric Vehicle (BEV)'),(320,'Battery Electric Vehicle (BEV)'),(321,'Battery Electric Vehicle (BEV)'),(322,'Battery Electric Vehicle (BEV)'),(323,'Battery Electric Vehicle (BEV)'),(324,'Battery Electric Vehicle (BEV)'),(325,'Battery Electric Vehicle (BEV)'),(326,'Battery Electric Vehicle (BEV)'),(327,'Battery Electric Vehicle (BEV)'),(328,'Battery Electric Vehicle (BEV)'),(329,'Battery Electric Vehicle (BEV)'),(330,'Battery Electric Vehicle (BEV)'),(331,'Battery Electric Vehicle (BEV)'),(332,'Battery Electric Vehicle (BEV)'),(333,'Battery Electric Vehicle (BEV)'),(334,'Battery Electric Vehicle (BEV)'),(335,'Battery Electric Vehicle (BEV)'),(336,'Battery Electric Vehicle (BEV)'),(337,'Battery Electric Vehicle (BEV)'),(338,'Battery Electric Vehicle (BEV)'),(339,'Battery Electric Vehicle (BEV)'),(340,'Battery Electric Vehicle (BEV)'),(341,'Battery Electric Vehicle (BEV)'),(342,'Battery Electric Vehicle (BEV)'),(343,'Battery Electric Vehicle (BEV)'),(344,'Battery Electric Vehicle (BEV)'),(345,'Battery Electric Vehicle (BEV)'),(346,'Battery Electric Vehicle (BEV)'),(347,'Battery Electric Vehicle (BEV)'),(348,'Battery Electric Vehicle (BEV)'),(349,'Battery Electric Vehicle (BEV)'),(350,'Battery Electric Vehicle (BEV)'),(351,'Battery Electric Vehicle (BEV)'),(352,'Battery Electric Vehicle (BEV)'),(353,'Battery Electric Vehicle (BEV)'),(354,'Battery Electric Vehicle (BEV)'),(355,'Battery Electric Vehicle (BEV)'),(356,'Battery Electric Vehicle (BEV)'),(357,'Battery Electric Vehicle (BEV)'),(358,'Battery Electric Vehicle (BEV)'),(359,'Battery Electric Vehicle (BEV)'),(360,'Battery Electric Vehicle (BEV)'),(361,'Battery Electric Vehicle (BEV)'),(362,'Battery Electric Vehicle (BEV)'),(363,'Battery Electric Vehicle (BEV)'),(364,'Battery Electric Vehicle (BEV)'),(365,'Battery Electric Vehicle (BEV)'),(366,'Battery Electric Vehicle (BEV)'),(367,'Battery Electric Vehicle (BEV)'),(368,'Battery Electric Vehicle (BEV)'),(369,'Battery Electric Vehicle (BEV)'),(370,'Battery Electric Vehicle (BEV)'),(371,'Battery Electric Vehicle (BEV)'),(372,'Battery Electric Vehicle (BEV)'),(373,'Battery Electric Vehicle (BEV)'),(374,'Battery Electric Vehicle (BEV)'),(375,'Battery Electric Vehicle (BEV)'),(376,'Battery Electric Vehicle (BEV)'),(377,'Battery Electric Vehicle (BEV)'),(378,'Battery Electric Vehicle (BEV)'),(379,'Battery Electric Vehicle (BEV)'),(380,'Battery Electric Vehicle (BEV)'),(381,'Battery Electric Vehicle (BEV)'),(382,'Battery Electric Vehicle (BEV)'),(383,'Battery Electric Vehicle (BEV)'),(384,'Battery Electric Vehicle (BEV)'),(385,'Battery Electric Vehicle (BEV)'),(386,'Battery Electric Vehicle (BEV)'),(387,'Battery Electric Vehicle (BEV)'),(388,'Battery Electric Vehicle (BEV)'),(389,'Battery Electric Vehicle (BEV)'),(390,'Battery Electric Vehicle (BEV)'),(391,'Battery Electric Vehicle (BEV)'),(392,'Battery Electric Vehicle (BEV)'),(393,'Battery Electric Vehicle (BEV)'),(394,'Battery Electric Vehicle (BEV)'),(395,'Battery Electric Vehicle (BEV)'),(396,'Battery Electric Vehicle (BEV)'),(397,'Battery Electric Vehicle (BEV)'),(398,'Battery Electric Vehicle (BEV)'),(399,'Battery Electric Vehicle (BEV)'),(400,'Battery Electric Vehicle (BEV)'),(401,'Battery Electric Vehicle (BEV)'),(402,'Battery Electric Vehicle (BEV)'),(403,'Battery Electric Vehicle (BEV)'),(404,'Battery Electric Vehicle (BEV)'),(405,'Battery Electric Vehicle (BEV)'),(406,'Battery Electric Vehicle (BEV)'),(407,'Battery Electric Vehicle (BEV)'),(408,'Battery Electric Vehicle (BEV)'),(409,'Battery Electric Vehicle (BEV)'),(410,'Plug-in Hybrid Electric Vehicle (PHEV)'),(411,'Plug-in Hybrid Electric Vehicle (PHEV)'),(412,'Plug-in Hybrid Electric Vehicle (PHEV)'),(413,'Plug-in Hybrid Electric Vehicle (PHEV)'),(414,'Plug-in Hybrid Electric Vehicle (PHEV)'),(415,'Plug-in Hybrid Electric Vehicle (PHEV)'),(416,'Plug-in Hybrid Electric Vehicle (PHEV)'),(417,'Plug-in Hybrid Electric Vehicle (PHEV)'),(418,'Plug-in Hybrid Electric Vehicle (PHEV)'),(419,'Plug-in Hybrid Electric Vehicle (PHEV)'),(420,'Plug-in Hybrid Electric Vehicle (PHEV)'),(421,'Plug-in Hybrid Electric Vehicle (PHEV)'),(422,'Plug-in Hybrid Electric Vehicle (PHEV)'),(423,'Plug-in Hybrid Electric Vehicle (PHEV)'),(424,'Plug-in Hybrid Electric Vehicle (PHEV)'),(425,'Plug-in Hybrid Electric Vehicle (PHEV)'),(426,'Plug-in Hybrid Electric Vehicle (PHEV)'),(427,'Plug-in Hybrid Electric Vehicle (PHEV)'),(428,'Plug-in Hybrid Electric Vehicle (PHEV)'),(429,'Plug-in Hybrid Electric Vehicle (PHEV)'),(430,'Plug-in Hybrid Electric Vehicle (PHEV)'),(431,'Plug-in Hybrid Electric Vehicle (PHEV)'),(432,'Plug-in Hybrid Electric Vehicle (PHEV)'),(433,'Plug-in Hybrid Electric Vehicle (PHEV)'),(434,'Plug-in Hybrid Electric Vehicle (PHEV)'),(435,'Plug-in Hybrid Electric Vehicle (PHEV)'),(436,'Plug-in Hybrid Electric Vehicle (PHEV)'),(437,'Plug-in Hybrid Electric Vehicle (PHEV)'),(438,'Plug-in Hybrid Electric Vehicle (PHEV)'),(439,'Plug-in Hybrid Electric Vehicle (PHEV)'),(440,'Plug-in Hybrid Electric Vehicle (PHEV)'),(441,'Plug-in Hybrid Electric Vehicle (PHEV)'),(442,'Plug-in Hybrid Electric Vehicle (PHEV)'),(443,'Plug-in Hybrid Electric Vehicle (PHEV)'),(444,'Plug-in Hybrid Electric Vehicle (PHEV)'),(445,'Plug-in Hybrid Electric Vehicle (PHEV)'),(446,'Plug-in Hybrid Electric Vehicle (PHEV)'),(447,'Plug-in Hybrid Electric Vehicle (PHEV)'),(448,'Plug-in Hybrid Electric Vehicle (PHEV)'),(449,'Plug-in Hybrid Electric Vehicle (PHEV)'),(450,'Plug-in Hybrid Electric Vehicle (PHEV)'),(451,'Plug-in Hybrid Electric Vehicle (PHEV)'),(452,'Plug-in Hybrid Electric Vehicle (PHEV)'),(453,'Plug-in Hybrid Electric Vehicle (PHEV)'),(454,'Plug-in Hybrid Electric Vehicle (PHEV)'),(455,'Plug-in Hybrid Electric Vehicle (PHEV)'),(456,'Plug-in Hybrid Electric Vehicle (PHEV)'),(457,'Plug-in Hybrid Electric Vehicle (PHEV)'),(458,'Plug-in Hybrid Electric Vehicle (PHEV)'),(459,'Plug-in Hybrid Electric Vehicle (PHEV)'),(460,'Plug-in Hybrid Electric Vehicle (PHEV)'),(461,'Plug-in Hybrid Electric Vehicle (PHEV)'),(462,'Plug-in Hybrid Electric Vehicle (PHEV)'),(463,'Plug-in Hybrid Electric Vehicle (PHEV)'),(464,'Plug-in Hybrid Electric Vehicle (PHEV)'),(465,'Plug-in Hybrid Electric Vehicle (PHEV)'),(466,'Plug-in Hybrid Electric Vehicle (PHEV)'),(467,'Plug-in Hybrid Electric Vehicle (PHEV)'),(468,'Plug-in Hybrid Electric Vehicle (PHEV)'),(469,'Plug-in Hybrid Electric Vehicle (PHEV)'),(470,'Plug-in Hybrid Electric Vehicle (PHEV)'),(471,'Plug-in Hybrid Electric Vehicle (PHEV)'),(472,'Plug-in Hybrid Electric Vehicle (PHEV)'),(473,'Plug-in Hybrid Electric Vehicle (PHEV)'),(474,'Battery Electric Vehicle (BEV)'),(475,'Battery Electric Vehicle (BEV)'),(476,'Battery Electric Vehicle (BEV)'),(477,'Battery Electric Vehicle (BEV)'),(478,'Battery Electric Vehicle (BEV)'),(479,'Battery Electric Vehicle (BEV)'),(480,'Battery Electric Vehicle (BEV)'),(481,'Battery Electric Vehicle (BEV)'),(482,'Battery Electric Vehicle (BEV)'),(483,'Battery Electric Vehicle (BEV)'),(484,'Plug-in Hybrid Electric Vehicle (PHEV)'),(485,'Plug-in Hybrid Electric Vehicle (PHEV)'),(486,'Plug-in Hybrid Electric Vehicle (PHEV)'),(487,'Plug-in Hybrid Electric Vehicle (PHEV)'),(488,'Plug-in Hybrid Electric Vehicle (PHEV)'),(489,'Plug-in Hybrid Electric Vehicle (PHEV)'),(490,'Plug-in Hybrid Electric Vehicle (PHEV)'),(491,'Plug-in Hybrid Electric Vehicle (PHEV)'),(492,'Plug-in Hybrid Electric Vehicle (PHEV)'),(493,'Plug-in Hybrid Electric Vehicle (PHEV)'),(494,'Plug-in Hybrid Electric Vehicle (PHEV)'),(495,'Plug-in Hybrid Electric Vehicle (PHEV)'),(496,'Plug-in Hybrid Electric Vehicle (PHEV)'),(497,'Plug-in Hybrid Electric Vehicle (PHEV)'),(498,'Plug-in Hybrid Electric Vehicle (PHEV)'),(499,'Plug-in Hybrid Electric Vehicle (PHEV)'),(500,'Plug-in Hybrid Electric Vehicle (PHEV)'),(501,'Plug-in Hybrid Electric Vehicle (PHEV)'),(502,'Plug-in Hybrid Electric Vehicle (PHEV)'),(503,'Plug-in Hybrid Electric Vehicle (PHEV)'),(504,'Plug-in Hybrid Electric Vehicle (PHEV)'),(505,'Plug-in Hybrid Electric Vehicle (PHEV)'),(506,'Plug-in Hybrid Electric Vehicle (PHEV)');
/*!40000 ALTER TABLE `electric_vehicle_types` ENABLE KEYS */;
UNLOCK TABLES;
/*!40103 SET TIME_ZONE=@OLD_TIME_ZONE */;

/*!40101 SET SQL_MODE=@OLD_SQL_MODE */;
/*!40014 SET FOREIGN_KEY_CHECKS=@OLD_FOREIGN_KEY_CHECKS */;
/*!40014 SET UNIQUE_CHECKS=@OLD_UNIQUE_CHECKS */;
/*!40101 SET CHARACTER_SET_CLIENT=@OLD_CHARACTER_SET_CLIENT */;
/*!40101 SET CHARACTER_SET_RESULTS=@OLD_CHARACTER_SET_RESULTS */;
/*!40101 SET COLLATION_CONNECTION=@OLD_COLLATION_CONNECTION */;
/*!40111 SET SQL_NOTES=@OLD_SQL_NOTES */;

-- Dump completed on 2024-05-12 14:41:33
-- MySQL dump 10.13  Distrib 8.0.36, for macos14 (arm64)
--
-- Host: localhost    Database: electric_vehicle
-- ------------------------------------------------------
-- Server version	8.0.36

/*!40101 SET @OLD_CHARACTER_SET_CLIENT=@@CHARACTER_SET_CLIENT */;
/*!40101 SET @OLD_CHARACTER_SET_RESULTS=@@CHARACTER_SET_RESULTS */;
/*!40101 SET @OLD_COLLATION_CONNECTION=@@COLLATION_CONNECTION */;
/*!50503 SET NAMES utf8 */;
/*!40103 SET @OLD_TIME_ZONE=@@TIME_ZONE */;
/*!40103 SET TIME_ZONE='+00:00' */;
/*!40014 SET @OLD_UNIQUE_CHECKS=@@UNIQUE_CHECKS, UNIQUE_CHECKS=0 */;
/*!40014 SET @OLD_FOREIGN_KEY_CHECKS=@@FOREIGN_KEY_CHECKS, FOREIGN_KEY_CHECKS=0 */;
/*!40101 SET @OLD_SQL_MODE=@@SQL_MODE, SQL_MODE='NO_AUTO_VALUE_ON_ZERO' */;
/*!40111 SET @OLD_SQL_NOTES=@@SQL_NOTES, SQL_NOTES=0 */;

--
-- Table structure for table `locations`
--

DROP TABLE IF EXISTS `locations`;
/*!40101 SET @saved_cs_client     = @@character_set_client */;
/*!50503 SET character_set_client = utf8mb4 */;
CREATE TABLE `locations` (
  `location_id` int NOT NULL,
  `longitude` double DEFAULT NULL,
  `latitude` double DEFAULT NULL,
  PRIMARY KEY (`location_id`)
) ENGINE=InnoDB DEFAULT CHARSET=utf8mb4 COLLATE=utf8mb4_0900_ai_ci;
/*!40101 SET character_set_client = @saved_cs_client */;

--
-- Dumping data for table `locations`
--

LOCK TABLES `locations` WRITE;
/*!40000 ALTER TABLE `locations` DISABLE KEYS */;
INSERT INTO `locations` VALUES (1,-117.37056,47.70402),(2,-117.37056,47.70402),(3,-117.37056,47.70402),(4,-117.37056,47.70402),(5,-117.37056,47.70402),(6,-117.37056,47.70402),(7,-117.37056,47.70402),(8,-117.37056,47.70402),(9,-117.37056,47.70402),(10,-122.08747,47.4466),(11,-122.09124,47.33778),(12,-122.12096,47.55584),(13,-122.1389,47.87115),(14,-122.15545,47.75448),(15,-122.15771,47.50549),(16,-122.21238,47.57816),(17,-122.22901,47.72201),(18,-122.29196,47.89908),(19,-122.30716,47.62687),(20,-122.31009,47.60803),(21,-122.31765,47.70013),(22,-122.31768,47.87166),(23,-122.35436,47.67596),(24,-122.36178,47.49408),(25,-122.29245,47.82557),(26,-122.31765,47.70013),(27,-122.35436,47.67596),(28,-122.48271,47.24737),(29,-122.52054,47.26887),(30,-117.3973,47.67573),(31,-122.13158,47.67858),(32,-122.31307,47.66127),(33,-122.3317,47.50314),(34,-122.62731,45.71668),(35,-122.09305,47.91265),(36,-122.31768,47.87166),(37,-122.32267,48.41626),(38,-122.33891,48.41644),(39,-122.49212,45.60365),(40,-122.53691,47.20606),(41,-123.40382,47.00379),(42,-119.141,46.19162),(43,-122.02054,47.60326),(44,-122.27734,47.83785),(45,-122.33029,48.46846),(46,-122.48271,47.24737),(47,-117.45674,47.69963),(48,-122.31307,47.66127),(49,-122.31307,47.66127),(50,-122.31307,47.66127),(51,-122.45516,48.74487),(52,-123.10565,47.21248),(53,-119.26844,46.31484),(54,-122.29537,47.19044),(55,-122.29592,47.40139),(56,-122.30716,47.62687),(57,-122.31307,47.66127),(58,-122.91395,48.52342),(59,-122.03439,47.5301),(60,-122.21061,47.83448),(61,-122.31765,47.70013),(62,-122.70303,45.70954),(63,-123.10367,48.07965),(64,-119.141,46.19162),(65,-122.11867,47.63131),(66,-122.3317,47.50314),(67,-122.49771,47.79803),(68,-122.64682,48.29077),(69,-122.03287,47.68555),(70,-122.11867,47.63131),(71,-122.29477,47.05703),(72,-122.67156,45.63248),(73,-122.12096,47.55584),(74,-122.35186,47.54286),(75,-117.3973,47.67573),(76,-119.27372,46.27391),(77,-122.02054,47.60326),(78,-122.12053,47.61334),(79,-122.12096,47.55584),(80,-122.31327,47.75736),(81,-122.35341,45.57923),(82,-122.41046,47.06512),(83,-123.09944,47.35689),(84,-121.99136,47.20433),(85,-123.01648,48.53448),(86,-122.64695,45.65675),(87,-122.67244,45.86161),(88,-122.70303,45.70954),(89,-122.74888,48.99404),(90,-122.74888,48.99404),(91,-122.81585,47.64509),(92,-122.92333,47.03779),(93,-123.4313,48.11872),(94,-120.65754,47.5982),(95,-122.02054,47.60326),(96,-122.09305,47.91265),(97,-122.13158,47.67858),(98,-122.15545,47.75448),(99,-122.21238,47.57816),(100,-122.21238,47.57816),(101,-122.24369,47.75892),(102,-122.29196,47.89908),(103,-122.30716,47.62687),(104,-122.31765,47.70013),(105,-122.34118,47.46665),(106,-122.3503,47.71868),(107,-122.35341,45.57923),(108,-122.37265,48.24159),(109,-122.38591,47.67597),(110,-122.40199,45.58694),(111,-122.41067,47.57894),(112,-122.521,47.62728),(113,-122.521,47.62728),(114,-122.77263,48.1212),(115,-122.8775,47.82642),(116,-123.10367,48.07965),(117,-122.82324,47.04437),(118,-122.06402,48.01497),(119,-118.15448,46.27013),(120,-121.60421,48.25431),(121,-122.02523,47.16299),(122,-122.03287,47.68555),(123,-122.03539,47.61344),(124,-122.04526,47.39394),(125,-122.09305,47.91265),(126,-122.12096,47.55584),(127,-122.1389,47.87115),(128,-122.15545,47.75448),(129,-122.15545,47.75448),(130,-122.1769,48.06114),(131,-122.18637,47.89252),(132,-122.2066,47.67887),(133,-122.2066,47.67887),(134,-122.21238,47.57816),(135,-122.22901,47.72201),(136,-122.23741,47.3807),(137,-122.2668,47.55115),(138,-122.2668,47.55115),(139,-122.28449,47.146),(140,-122.29196,47.89908),(141,-122.29245,47.82557),(142,-122.3026,47.72656),(143,-122.30716,47.62687),(144,-122.30716,47.62687),(145,-122.30866,47.57874),(146,-122.30866,47.57874),(147,-122.33891,48.41644),(148,-122.34223,47.61085),(149,-122.346385,47.630685),(150,-122.35186,47.54286),(151,-122.35341,45.57923),(152,-122.35436,47.67596),(153,-122.35436,47.67596),(154,-122.35436,47.67596),(155,-122.38418,47.70044),(156,-122.38418,47.70044),(157,-122.38418,47.70044),(158,-122.40049,48.23986),(159,-122.4573,47.44929),(160,-122.521,47.62728),(161,-122.52664,48.00956),(162,-122.06402,48.01497),(163,-122.17144,47.19175),(164,-122.1769,48.06114),(165,-122.20563,47.76144),(166,-122.2066,47.67887),(167,-122.3026,47.72656),(168,-122.34536,48.92009),(169,-122.35341,45.57923),(170,-122.38415,47.53755),(171,-122.67156,45.63248),(172,-122.70303,45.70954),(173,-123.01648,48.53448),(174,-123.05688,48.98867),(175,-119.09467,46.23542),(176,-120.29473,47.41515),(177,-121.96931,48.08157),(178,-122.11867,47.63131),(179,-122.15545,47.75448),(180,-122.21152,47.43954),(181,-122.28449,47.146),(182,-122.32267,48.41626),(183,-122.32427,47.63433),(184,-122.35206,47.30297),(185,-122.521,47.62728),(186,-122.55149,45.69345),(187,-122.69275,47.65171),(188,-122.77263,48.1212),(189,-122.95298,46.72894),(190,-123.4313,48.11872),(191,-117.35414,47.83743),(192,-122.03439,47.5301),(193,-122.12096,47.55584),(194,-122.17663,47.32326),(195,-122.24369,47.75892),(196,-122.30716,47.62687),(197,-122.41067,47.57894),(198,-122.61214,48.51748),(199,-122.96462,46.6621),(200,-121.98609,47.74068),(201,-122.02523,47.16299),(202,-122.11867,47.63131),(203,-122.15545,47.75448),(204,-122.1769,48.06114),(205,-122.34223,47.61085),(206,-122.36646,47.19269),(207,-122.46495,47.16778),(208,-122.47554,47.21835),(209,-122.55149,45.69345),(210,-122.58009,47.328),(211,-122.65745,47.4916),(212,-122.70303,45.70954),(213,-122.92057,47.0031),(214,-117.39322,47.63374),(215,-122.15771,47.50549),(216,-122.17144,47.19175),(217,-122.1769,48.06114),(218,-122.29245,47.82557),(219,-122.38591,47.67597),(220,-122.40092,47.65908),(221,-122.55149,45.69345),(222,-120.29473,47.41515),(223,-120.56916,46.58514),(224,-120.65754,47.5982),(225,-121.28544,45.6939),(226,-122.04526,47.39394),(227,-122.15545,47.75448),(228,-122.15545,47.75448),(229,-122.1769,48.06114),(230,-122.18463,47.49929),(231,-122.21698,47.28317),(232,-122.28556,47.18709),(233,-122.29537,47.19044),(234,-122.31768,47.87166),(235,-122.33891,48.41644),(236,-122.64681,47.73689),(237,-122.89166,47.03956),(238,-122.38418,47.70044),(239,-122.51766,47.27779),(240,-122.74888,48.99404),(241,-122.87741,47.05997),(242,-123.72994,46.68867),(243,-122.15545,47.75448),(244,-122.15545,47.75448),(245,-122.15771,47.50549),(246,-122.21238,47.57816),(247,-122.09124,47.33778),(248,-122.22901,47.72201),(249,-122.13158,47.67858),(250,-122.28449,47.146),(251,-122.38418,47.70044),(252,-122.47554,47.21835),(253,-122.15771,47.50549),(254,-122.74888,48.99404),(255,-122.02054,47.60326),(256,-122.85135,46.85752),(257,-122.1621,47.64441),(258,-122.03539,47.61344),(259,-122.1769,48.06114),(260,-122.19564,47.37271),(261,-122.30716,47.62687),(262,-122.30716,47.62687),(263,-122.23741,47.3807),(264,-122.24369,47.75892),(265,-122.53691,47.20606),(266,-122.02054,47.60326),(267,-122.03439,47.5301),(268,-122.47554,47.21835),(269,-119.2771,47.13196),(270,-122.1389,47.87115),(271,-122.24369,47.75892),(272,-122.30866,47.57874),(273,-122.38415,47.53755),(274,-122.12096,47.55584),(275,-122.15545,47.75448),(276,-122.21152,47.43954),(277,-122.21238,47.57816),(278,-122.30716,47.62687),(279,-122.31765,47.70013),(280,-122.15545,47.75448),(281,-122.15545,47.75448),(282,-117.19631,47.65706),(283,-122.23892,47.61613),(284,-122.62934,45.63201),(285,-117.3797,47.65548),(286,-122.21152,47.43954),(287,-122.35186,47.54286),(288,-122.40618,48.0399),(289,-122.02054,47.60326),(290,-122.15545,47.75448),(291,-122.20563,47.76144),(292,-122.22901,47.72201),(293,-122.27981,47.85727),(294,-122.52664,48.00956),(295,-120.29473,47.41515),(296,-122.03287,47.68555),(297,-122.1769,48.06114),(298,-122.20596,47.97659),(299,-122.69275,47.65171),(300,-122.89868,46.14425),(301,-122.96462,46.6621),(302,-122.34223,47.61085),(303,-122.37571,47.16104),(304,-122.47122,48.75235),(305,-122.47554,47.21835),(306,-122.59351,48.84756),(307,-122.62934,45.63201),(308,-122.11867,47.63131),(309,-122.12096,47.55584),(310,-122.32427,47.63433),(311,-122.67244,45.86161),(312,-122.92333,47.03779),(313,-119.09467,46.23542),(314,-122.02054,47.60326),(315,-122.09124,47.33778),(316,-122.11867,47.63131),(317,-122.12096,47.55584),(318,-122.15545,47.75448),(319,-122.17743,47.41185),(320,-122.17743,47.41185),(321,-122.1872,47.61001),(322,-122.21238,47.57816),(323,-122.22901,47.72201),(324,-122.22901,47.72201),(325,-122.24369,47.75892),(326,-122.30116,47.1165),(327,-122.31765,47.70013),(328,-122.32427,47.63433),(329,-122.15771,47.50549),(330,-122.18463,47.49929),(331,-122.2066,47.67887),(332,-122.2066,47.67887),(333,-122.30866,47.57874),(334,-122.31009,47.60803),(335,-122.38415,47.53755),(336,-122.40092,47.65908),(337,-123.05688,48.98867),(338,-122.09124,47.33778),(339,-122.09124,47.33778),(340,-122.13158,47.67858),(341,-122.3026,47.72656),(342,-122.62934,45.63201),(343,-122.00292,47.54748),(344,-122.03439,47.5301),(345,-122.03539,47.61344),(346,-122.18463,47.49929),(347,-122.2066,47.67887),(348,-122.21061,47.83448),(349,-122.21238,47.57816),(350,-122.21238,47.57816),(351,-122.23892,47.61613),(352,-122.31009,47.60803),(353,-122.31327,47.75736),(354,-122.40092,47.65908),(355,-122.54332,47.00328),(356,-122.63847,47.54103),(357,-122.64443,45.67871),(358,-122.74888,48.99404),(359,-122.02054,47.60326),(360,-122.02054,47.60326),(361,-122.03287,47.68555),(362,-122.03439,47.5301),(363,-122.15771,47.50549),(364,-122.18384,47.8031),(365,-122.34468,47.61578),(366,-122.51766,47.27779),(367,-122.64681,47.73689),(368,-121.82432,47.52716),(369,-122.00143,47.30893),(370,-122.03539,47.61344),(371,-122.06402,48.01497),(372,-122.12096,47.55584),(373,-122.346385,47.630685),(374,-122.38591,47.67597),(375,-122.38591,47.67597),(376,-122.84226,46.00813),(377,-122.92333,47.03779),(378,-122.11867,47.63131),(379,-122.13158,47.67858),(380,-122.1872,47.61001),(381,-122.19564,47.37271),(382,-122.31765,47.70013),(383,-122.59219,45.62158),(384,-122.08747,47.4466),(385,-122.09124,47.33778),(386,-122.1872,47.61001),(387,-122.1872,47.61001),(388,-122.23892,47.61613),(389,-122.62934,45.63201),(390,-119.43558,48.93881),(391,-120.54872,46.99703),(392,-121.98609,47.74068),(393,-122.02054,47.60326),(394,-122.02054,47.60326),(395,-122.03539,47.61344),(396,-122.04526,47.39394),(397,-122.11867,47.63131),(398,-122.15771,47.50549),(399,-122.18384,47.8031),(400,-122.1872,47.61001),(401,-122.1872,47.61001),(402,-122.1872,47.61001),(403,-122.1872,47.61001),(404,-122.1872,47.61001),(405,-122.1872,47.61001),(406,-122.21061,47.83448),(407,-122.21061,47.83448),(408,-122.21238,47.57816),(409,-122.22901,47.72201),(410,-122.12096,47.55584),(411,-122.30346,47.55379),(412,-122.35341,45.57923),(413,-122.23825,47.49461),(414,-122.40092,47.65908),(415,-122.40618,48.0399),(416,-122.3026,47.72656),(417,-122.31765,47.70013),(418,-122.31307,47.66127),(419,-122.95298,46.72894),(420,-122.45516,48.74487),(421,-122.521,47.62728),(422,-122.41666,47.30682),(423,-122.51495,47.16195),(424,-122.30866,47.57874),(425,-122.49212,45.60365),(426,-122.40092,47.65908),(427,-122.3503,47.71868),(428,-122.31327,47.75736),(429,-122.36646,47.19269),(430,-122.21061,47.83448),(431,-122.34118,47.46665),(432,-122.53691,47.20606),(433,-122.1872,47.61001),(434,-117.1015,47.66829),(435,-122.21238,47.57816),(436,-122.1872,47.61001),(437,-122.27981,47.85727),(438,-122.60302,47.36223),(439,-122.21238,47.57816),(440,-121.7831,47.49348),(441,-122.44164,47.25517),(442,-118.34261,46.07068),(443,-122.34468,47.61578),(444,-122.06402,48.01497),(445,-122.12096,47.55584),(446,-122.11867,47.63131),(447,-122.34223,47.61085),(448,-122.5338,47.23594),(449,-122.34468,47.61578),(450,-122.31765,47.70013),(451,-122.1769,48.06114),(452,-122.58009,47.328),(453,-122.60302,47.36223),(454,-122.35206,47.30297),(455,-122.41067,47.57894),(456,-122.1389,47.87115),(457,-122.22901,47.72201),(458,-122.36498,47.72238),(459,-122.21238,47.57816),(460,-122.13158,47.67858),(461,-122.2066,47.67887),(462,-122.60735,46.94239),(463,-122.12096,47.55584),(464,-122.60735,46.94239),(465,-122.31765,47.70013),(466,-122.38415,47.53755),(467,-122.65107,47.27375),(468,-122.1872,47.61001),(469,-122.55149,45.69345),(470,-122.12053,47.61334),(471,-122.32945,47.60357),(472,-122.40199,45.58694),(473,-122.31765,47.70013),(474,-122.08747,47.4466),(475,-122.38418,47.70044),(476,-122.52054,47.26887),(477,-122.61214,48.51748),(478,-122.13158,47.67858),(479,-122.30866,47.57874),(480,-122.64682,48.29077),(481,-122.17663,47.32326),(482,-122.31009,47.60803),(483,-122.51495,47.16195),(484,-122.37689,47.81116),(485,-122.47122,48.75235),(486,-122.49212,45.60365),(487,-122.57722,45.64251),(488,-122.63847,47.54103),(489,-121.97745,47.53433),(490,-122.02054,47.60326),(491,-122.03439,47.5301),(492,-122.04526,47.39394),(493,-122.31765,47.70013),(494,-122.37689,47.81116),(495,-122.17144,47.19175),(496,-122.35341,45.57923),(497,-121.97745,47.53433),(498,-122.03539,47.61344),(499,-122.08747,47.4466),(500,-122.15771,47.50549),(501,-122.23825,47.49461),(502,-122.30716,47.62687),(503,-122.31327,47.75736),(504,-122.31768,47.87166),(505,-122.32427,47.63433),(506,-122.36498,47.72238);
/*!40000 ALTER TABLE `locations` ENABLE KEYS */;
UNLOCK TABLES;
/*!40103 SET TIME_ZONE=@OLD_TIME_ZONE */;

/*!40101 SET SQL_MODE=@OLD_SQL_MODE */;
/*!40014 SET FOREIGN_KEY_CHECKS=@OLD_FOREIGN_KEY_CHECKS */;
/*!40014 SET UNIQUE_CHECKS=@OLD_UNIQUE_CHECKS */;
/*!40101 SET CHARACTER_SET_CLIENT=@OLD_CHARACTER_SET_CLIENT */;
/*!40101 SET CHARACTER_SET_RESULTS=@OLD_CHARACTER_SET_RESULTS */;
/*!40101 SET COLLATION_CONNECTION=@OLD_COLLATION_CONNECTION */;
/*!40111 SET SQL_NOTES=@OLD_SQL_NOTES */;

-- Dump completed on 2024-05-12 14:41:32
-- MySQL dump 10.13  Distrib 8.0.36, for macos14 (arm64)
--
-- Host: localhost    Database: electric_vehicle
-- ------------------------------------------------------
-- Server version	8.0.36

/*!40101 SET @OLD_CHARACTER_SET_CLIENT=@@CHARACTER_SET_CLIENT */;
/*!40101 SET @OLD_CHARACTER_SET_RESULTS=@@CHARACTER_SET_RESULTS */;
/*!40101 SET @OLD_COLLATION_CONNECTION=@@COLLATION_CONNECTION */;
/*!50503 SET NAMES utf8 */;
/*!40103 SET @OLD_TIME_ZONE=@@TIME_ZONE */;
/*!40103 SET TIME_ZONE='+00:00' */;
/*!40014 SET @OLD_UNIQUE_CHECKS=@@UNIQUE_CHECKS, UNIQUE_CHECKS=0 */;
/*!40014 SET @OLD_FOREIGN_KEY_CHECKS=@@FOREIGN_KEY_CHECKS, FOREIGN_KEY_CHECKS=0 */;
/*!40101 SET @OLD_SQL_MODE=@@SQL_MODE, SQL_MODE='NO_AUTO_VALUE_ON_ZERO' */;
/*!40111 SET @OLD_SQL_NOTES=@@SQL_NOTES, SQL_NOTES=0 */;

--
-- Table structure for table `manufacturers`
--

DROP TABLE IF EXISTS `manufacturers`;
/*!40101 SET @saved_cs_client     = @@character_set_client */;
/*!50503 SET character_set_client = utf8mb4 */;
CREATE TABLE `manufacturers` (
  `manufacturer_id` int NOT NULL,
  `manufacturer_name` varchar(50) DEFAULT NULL,
  PRIMARY KEY (`manufacturer_id`)
) ENGINE=InnoDB DEFAULT CHARSET=utf8mb4 COLLATE=utf8mb4_0900_ai_ci;
/*!40101 SET character_set_client = @saved_cs_client */;

--
-- Dumping data for table `manufacturers`
--

LOCK TABLES `manufacturers` WRITE;
/*!40000 ALTER TABLE `manufacturers` DISABLE KEYS */;
INSERT INTO `manufacturers` VALUES (1,'Chrysler'),(2,'Chrysler'),(3,'Chrysler'),(4,'Chrysler'),(5,'Chrysler'),(6,'Chrysler'),(7,'Chrysler'),(8,'Chrysler'),(9,'Chrysler'),(10,'Chrysler'),(11,'Chrysler'),(12,'Chrysler'),(13,'Chrysler'),(14,'Chrysler'),(15,'Chrysler'),(16,'Chrysler'),(17,'Chrysler'),(18,'Chrysler'),(19,'Chrysler'),(20,'Chrysler'),(21,'Chrysler'),(22,'Chrysler'),(23,'Chrysler'),(24,'Chrysler'),(25,'Ford Motor Company'),(26,'Ford Motor Company'),(27,'Ford Motor Company'),(28,'Ford Motor Company'),(29,'Ford Motor Company'),(30,'Ford Motor Company'),(31,'Ford Motor Company'),(32,'Ford Motor Company'),(33,'Ford Motor Company'),(34,'Ford Motor Company'),(35,'Ford Motor Company'),(36,'Ford Motor Company'),(37,'Ford Motor Company'),(38,'Ford Motor Company'),(39,'Ford Motor Company'),(40,'Ford Motor Company'),(41,'Ford Motor Company'),(42,'Ford Motor Company'),(43,'Ford Motor Company'),(44,'Ford Motor Company'),(45,'Ford Motor Company'),(46,'Ford Motor Company'),(47,'Ford Motor Company'),(48,'Ford Motor Company'),(49,'Ford Motor Company'),(50,'Ford Motor Company'),(51,'Ford Motor Company'),(52,'Ford Motor Company'),(53,'Ford Motor Company'),(54,'Ford Motor Company'),(55,'Ford Motor Company'),(56,'Ford Motor Company'),(57,'Ford Motor Company'),(58,'Ford Motor Company'),(59,'Ford Motor Company'),(60,'Ford Motor Company'),(61,'Ford Motor Company'),(62,'Ford Motor Company'),(63,'Ford Motor Company'),(64,'Ford Motor Company'),(65,'Ford Motor Company'),(66,'Ford Motor Company'),(67,'Ford Motor Company'),(68,'Ford Motor Company'),(69,'Ford Motor Company'),(70,'Ford Motor Company'),(71,'Ford Motor Company'),(72,'Ford Motor Company'),(73,'Ford Motor Company'),(74,'Ford Motor Company'),(75,'Ford Motor Company'),(76,'Ford Motor Company'),(77,'Ford Motor Company'),(78,'Ford Motor Company'),(79,'Ford Motor Company'),(80,'Ford Motor Company'),(81,'Ford Motor Company'),(82,'Ford Motor Company'),(83,'Ford Motor Company'),(84,'Ford Motor Company'),(85,'Ford Motor Company'),(86,'General Motors'),(87,'General Motors'),(88,'General Motors'),(89,'General Motors'),(90,'General Motors'),(91,'General Motors'),(92,'General Motors'),(93,'General Motors'),(94,'General Motors'),(95,'General Motors'),(96,'General Motors'),(97,'General Motors'),(98,'General Motors'),(99,'General Motors'),(100,'General Motors'),(101,'General Motors'),(102,'General Motors'),(103,'General Motors'),(104,'General Motors'),(105,'General Motors'),(106,'General Motors'),(107,'General Motors'),(108,'General Motors'),(109,'General Motors'),(110,'General Motors'),(111,'General Motors'),(112,'General Motors'),(113,'General Motors'),(114,'General Motors'),(115,'General Motors'),(116,'General Motors'),(117,'General Motors'),(118,'General Motors'),(119,'General Motors'),(120,'General Motors'),(121,'General Motors'),(122,'General Motors'),(123,'General Motors'),(124,'General Motors'),(125,'General Motors'),(126,'General Motors'),(127,'General Motors'),(128,'General Motors'),(129,'General Motors'),(130,'General Motors'),(131,'General Motors'),(132,'General Motors'),(133,'General Motors'),(134,'General Motors'),(135,'General Motors'),(136,'General Motors'),(137,'General Motors'),(138,'General Motors'),(139,'General Motors'),(140,'General Motors'),(141,'General Motors'),(142,'General Motors'),(143,'General Motors'),(144,'General Motors'),(145,'General Motors'),(146,'General Motors'),(147,'General Motors'),(148,'General Motors'),(149,'General Motors'),(150,'General Motors'),(151,'General Motors'),(152,'General Motors'),(153,'General Motors'),(154,'General Motors'),(155,'General Motors'),(156,'General Motors'),(157,'General Motors'),(158,'General Motors'),(159,'General Motors'),(160,'General Motors'),(161,'General Motors'),(162,'General Motors'),(163,'General Motors'),(164,'General Motors'),(165,'General Motors'),(166,'General Motors'),(167,'General Motors'),(168,'General Motors'),(169,'General Motors'),(170,'General Motors'),(171,'General Motors'),(172,'General Motors'),(173,'General Motors'),(174,'General Motors'),(175,'General Motors'),(176,'General Motors'),(177,'General Motors'),(178,'General Motors'),(179,'General Motors'),(180,'General Motors'),(181,'General Motors'),(182,'General Motors'),(183,'General Motors'),(184,'General Motors'),(185,'General Motors'),(186,'General Motors'),(187,'General Motors'),(188,'General Motors'),(189,'General Motors'),(190,'General Motors'),(191,'General Motors'),(192,'General Motors'),(193,'General Motors'),(194,'General Motors'),(195,'General Motors'),(196,'General Motors'),(197,'General Motors'),(198,'General Motors'),(199,'General Motors'),(200,'General Motors'),(201,'General Motors'),(202,'General Motors'),(203,'General Motors'),(204,'General Motors'),(205,'General Motors'),(206,'General Motors'),(207,'General Motors'),(208,'General Motors'),(209,'General Motors'),(210,'General Motors'),(211,'General Motors'),(212,'General Motors'),(213,'General Motors'),(214,'General Motors'),(215,'General Motors'),(216,'General Motors'),(217,'General Motors'),(218,'General Motors'),(219,'General Motors'),(220,'General Motors'),(221,'General Motors'),(222,'General Motors'),(223,'General Motors'),(224,'General Motors'),(225,'General Motors'),(226,'General Motors'),(227,'General Motors'),(228,'General Motors'),(229,'General Motors'),(230,'General Motors'),(231,'General Motors'),(232,'General Motors'),(233,'General Motors'),(234,'General Motors'),(235,'General Motors'),(236,'General Motors'),(237,'General Motors'),(238,'General Motors'),(239,'General Motors'),(240,'General Motors'),(241,'General Motors'),(242,'General Motors'),(243,'General Motors'),(244,'Tesla'),(245,'Tesla'),(246,'Tesla'),(247,'Tesla'),(248,'Tesla'),(249,'Tesla'),(250,'Tesla'),(251,'Tesla'),(252,'Tesla'),(253,'Tesla'),(254,'Tesla'),(255,'Tesla'),(256,'Tesla'),(257,'Tesla'),(258,'Tesla'),(259,'Tesla'),(260,'Tesla'),(261,'Tesla'),(262,'Tesla'),(263,'Tesla'),(264,'Tesla'),(265,'Tesla'),(266,'Tesla'),(267,'Tesla'),(268,'Tesla'),(269,'Tesla'),(270,'Tesla'),(271,'Tesla'),(272,'Tesla'),(273,'Tesla'),(274,'Tesla'),(275,'Tesla'),(276,'Tesla'),(277,'Tesla'),(278,'Tesla'),(279,'Tesla'),(280,'Tesla'),(281,'Tesla'),(282,'Tesla'),(283,'Tesla'),(284,'Tesla'),(285,'Tesla'),(286,'Tesla'),(287,'Tesla'),(288,'Tesla'),(289,'Tesla'),(290,'Tesla'),(291,'Tesla'),(292,'Tesla'),(293,'Tesla'),(294,'Tesla'),(295,'Tesla'),(296,'Tesla'),(297,'Tesla'),(298,'Tesla'),(299,'Tesla'),(300,'Tesla'),(301,'Tesla'),(302,'Tesla'),(303,'Tesla'),(304,'Tesla'),(305,'Tesla'),(306,'Tesla'),(307,'Tesla'),(308,'Tesla'),(309,'Tesla'),(310,'Tesla'),(311,'Tesla'),(312,'Tesla'),(313,'Tesla'),(314,'Tesla'),(315,'Tesla'),(316,'Tesla'),(317,'Tesla'),(318,'Tesla'),(319,'Tesla'),(320,'Tesla'),(321,'Tesla'),(322,'Tesla'),(323,'Tesla'),(324,'Tesla'),(325,'Tesla'),(326,'Tesla'),(327,'Tesla'),(328,'Tesla'),(329,'Tesla'),(330,'Tesla'),(331,'Tesla'),(332,'Tesla'),(333,'Tesla'),(334,'Tesla'),(335,'Tesla'),(336,'Tesla'),(337,'Tesla'),(338,'Tesla'),(339,'Tesla'),(340,'Tesla'),(341,'Tesla'),(342,'Tesla'),(343,'Tesla'),(344,'Tesla'),(345,'Tesla'),(346,'Tesla'),(347,'Tesla'),(348,'Tesla'),(349,'Tesla'),(350,'Tesla'),(351,'Tesla'),(352,'Tesla'),(353,'Tesla'),(354,'Tesla'),(355,'Tesla'),(356,'Tesla'),(357,'Tesla'),(358,'Tesla'),(359,'Tesla'),(360,'Tesla'),(361,'Tesla'),(362,'Tesla'),(363,'Tesla'),(364,'Tesla'),(365,'Tesla'),(366,'Tesla'),(367,'Tesla'),(368,'Tesla'),(369,'Tesla'),(370,'Tesla'),(371,'Tesla'),(372,'Tesla'),(373,'Tesla'),(374,'Tesla'),(375,'Tesla'),(376,'Tesla'),(377,'Tesla'),(378,'Tesla'),(379,'Tesla'),(380,'Tesla'),(381,'Tesla'),(382,'Tesla'),(383,'Tesla'),(384,'Tesla'),(385,'Tesla'),(386,'Tesla'),(387,'Tesla'),(388,'Tesla'),(389,'Tesla'),(390,'Tesla'),(391,'Tesla'),(392,'Tesla'),(393,'Tesla'),(394,'Tesla'),(395,'Tesla'),(396,'Tesla'),(397,'Tesla'),(398,'Tesla'),(399,'Tesla'),(400,'Tesla'),(401,'Tesla'),(402,'Tesla'),(403,'Tesla'),(404,'Tesla'),(405,'Tesla'),(406,'Tesla'),(407,'Tesla'),(408,'Tesla'),(409,'Tesla'),(410,'VOLVO'),(411,'VOLVO'),(412,'VOLVO'),(413,'VOLVO'),(414,'VOLVO'),(415,'VOLVO'),(416,'VOLVO'),(417,'VOLVO'),(418,'VOLVO'),(419,'VOLVO'),(420,'VOLVO'),(421,'VOLVO'),(422,'VOLVO'),(423,'VOLVO'),(424,'VOLVO'),(425,'VOLVO'),(426,'VOLVO'),(427,'VOLVO'),(428,'VOLVO'),(429,'VOLVO'),(430,'VOLVO'),(431,'VOLVO'),(432,'VOLVO'),(433,'VOLVO'),(434,'VOLVO'),(435,'VOLVO'),(436,'VOLVO'),(437,'VOLVO'),(438,'VOLVO'),(439,'VOLVO'),(440,'VOLVO'),(441,'VOLVO'),(442,'VOLVO'),(443,'VOLVO'),(444,'VOLVO'),(445,'VOLVO'),(446,'VOLVO'),(447,'VOLVO'),(448,'VOLVO'),(449,'VOLVO'),(450,'VOLVO'),(451,'VOLVO'),(452,'VOLVO'),(453,'VOLVO'),(454,'VOLVO'),(455,'VOLVO'),(456,'VOLVO'),(457,'VOLVO'),(458,'VOLVO'),(459,'VOLVO'),(460,'VOLVO'),(461,'VOLVO'),(462,'VOLVO'),(463,'VOLVO'),(464,'VOLVO'),(465,'VOLVO'),(466,'VOLVO'),(467,'VOLVO'),(468,'VOLVO'),(469,'VOLVO'),(470,'VOLVO'),(471,'VOLVO'),(472,'VOLVO'),(473,'VOLVO'),(474,'Mitsubishi Motors Corporations'),(475,'Mitsubishi Motors Corporations'),(476,'Mitsubishi Motors Corporations'),(477,'Mitsubishi Motors Corporations'),(478,'Mitsubishi Motors Corporations'),(479,'Mitsubishi Motors Corporations'),(480,'Mitsubishi Motors Corporations'),(481,'Mitsubishi Motors Corporations'),(482,'Mitsubishi Motors Corporations'),(483,'Mitsubishi Motors Corporations'),(484,'Honda Motor Company'),(485,'Honda Motor Company'),(486,'Honda Motor Company'),(487,'Honda Motor Company'),(488,'Honda Motor Company'),(489,'Honda Motor Company'),(490,'Honda Motor Company'),(491,'Honda Motor Company'),(492,'Honda Motor Company'),(493,'Honda Motor Company'),(494,'Honda Motor Company'),(495,'Honda Motor Company'),(496,'Honda Motor Company'),(497,'Honda Motor Company'),(498,'Honda Motor Company'),(499,'Honda Motor Company'),(500,'Honda Motor Company'),(501,'Honda Motor Company'),(502,'Honda Motor Company'),(503,'Honda Motor Company'),(504,'Honda Motor Company'),(505,'Honda Motor Company'),(506,'Honda Motor Company');
/*!40000 ALTER TABLE `manufacturers` ENABLE KEYS */;
UNLOCK TABLES;
/*!40103 SET TIME_ZONE=@OLD_TIME_ZONE */;

/*!40101 SET SQL_MODE=@OLD_SQL_MODE */;
/*!40014 SET FOREIGN_KEY_CHECKS=@OLD_FOREIGN_KEY_CHECKS */;
/*!40014 SET UNIQUE_CHECKS=@OLD_UNIQUE_CHECKS */;
/*!40101 SET CHARACTER_SET_CLIENT=@OLD_CHARACTER_SET_CLIENT */;
/*!40101 SET CHARACTER_SET_RESULTS=@OLD_CHARACTER_SET_RESULTS */;
/*!40101 SET COLLATION_CONNECTION=@OLD_COLLATION_CONNECTION */;
/*!40111 SET SQL_NOTES=@OLD_SQL_NOTES */;

-- Dump completed on 2024-05-12 14:41:32
-- MySQL dump 10.13  Distrib 8.0.36, for macos14 (arm64)
--
-- Host: localhost    Database: electric_vehicle
-- ------------------------------------------------------
-- Server version	8.0.36

/*!40101 SET @OLD_CHARACTER_SET_CLIENT=@@CHARACTER_SET_CLIENT */;
/*!40101 SET @OLD_CHARACTER_SET_RESULTS=@@CHARACTER_SET_RESULTS */;
/*!40101 SET @OLD_COLLATION_CONNECTION=@@COLLATION_CONNECTION */;
/*!50503 SET NAMES utf8 */;
/*!40103 SET @OLD_TIME_ZONE=@@TIME_ZONE */;
/*!40103 SET TIME_ZONE='+00:00' */;
/*!40014 SET @OLD_UNIQUE_CHECKS=@@UNIQUE_CHECKS, UNIQUE_CHECKS=0 */;
/*!40014 SET @OLD_FOREIGN_KEY_CHECKS=@@FOREIGN_KEY_CHECKS, FOREIGN_KEY_CHECKS=0 */;
/*!40101 SET @OLD_SQL_MODE=@@SQL_MODE, SQL_MODE='NO_AUTO_VALUE_ON_ZERO' */;
/*!40111 SET @OLD_SQL_NOTES=@@SQL_NOTES, SQL_NOTES=0 */;

--
-- Table structure for table `models`
--

DROP TABLE IF EXISTS `models`;
/*!40101 SET @saved_cs_client     = @@character_set_client */;
/*!50503 SET character_set_client = utf8mb4 */;
CREATE TABLE `models` (
  `model_id` int NOT NULL,
  `model_name` varchar(50) DEFAULT NULL,
  `make` varchar(50) DEFAULT NULL,
  `year` int DEFAULT NULL,
  `manufacturer_id` int DEFAULT NULL,
  PRIMARY KEY (`model_id`),
  KEY `manufacturer_id` (`manufacturer_id`),
  CONSTRAINT `models_ibfk_1` FOREIGN KEY (`manufacturer_id`) REFERENCES `manufacturers` (`manufacturer_id`)
) ENGINE=InnoDB DEFAULT CHARSET=utf8mb4 COLLATE=utf8mb4_0900_ai_ci;
/*!40101 SET character_set_client = @saved_cs_client */;

--
-- Dumping data for table `models`
--

LOCK TABLES `models` WRITE;
/*!40000 ALTER TABLE `models` DISABLE KEYS */;
INSERT INTO `models` VALUES (1,'WRANGLER','JEEP',2021,1),(2,'WRANGLER','JEEP',2021,2),(3,'WRANGLER','JEEP',2021,3),(4,'WRANGLER','JEEP',2021,4),(5,'WRANGLER','JEEP',2021,5),(6,'WRANGLER','JEEP',2021,6),(7,'WRANGLER','JEEP',2021,7),(8,'WRANGLER','JEEP',2021,8),(9,'WRANGLER','JEEP',2021,9),(10,'WRANGLER','JEEP',2021,10),(11,'WRANGLER','JEEP',2021,11),(12,'WRANGLER','JEEP',2021,12),(13,'WRANGLER','JEEP',2021,13),(14,'WRANGLER','JEEP',2021,14),(15,'WRANGLER','JEEP',2021,15),(16,'WRANGLER','JEEP',2021,16),(17,'WRANGLER','JEEP',2021,17),(18,'WRANGLER','JEEP',2021,18),(19,'WRANGLER','JEEP',2021,19),(20,'WRANGLER','JEEP',2021,20),(21,'WRANGLER','JEEP',2021,21),(22,'WRANGLER','JEEP',2021,22),(23,'WRANGLER','JEEP',2021,23),(24,'WRANGLER','JEEP',2021,24),(25,'FOCUS','FORD',2014,25),(26,'FOCUS','FORD',2014,26),(27,'FOCUS','FORD',2014,27),(28,'FOCUS','FORD',2014,28),(29,'FOCUS','FORD',2014,29),(30,'FOCUS','FORD',2015,30),(31,'FOCUS','FORD',2015,31),(32,'FOCUS','FORD',2015,32),(33,'FOCUS','FORD',2015,33),(34,'FOCUS','FORD',2016,34),(35,'FOCUS','FORD',2013,35),(36,'FOCUS','FORD',2013,36),(37,'FOCUS','FORD',2013,37),(38,'FOCUS','FORD',2013,38),(39,'FOCUS','FORD',2013,39),(40,'FOCUS','FORD',2013,40),(41,'FOCUS','FORD',2013,41),(42,'FOCUS','FORD',2014,42),(43,'FOCUS','FORD',2014,43),(44,'FOCUS','FORD',2014,44),(45,'FOCUS','FORD',2014,45),(46,'FOCUS','FORD',2014,46),(47,'FOCUS','FORD',2015,47),(48,'FOCUS','FORD',2015,48),(49,'FOCUS','FORD',2015,49),(50,'FOCUS','FORD',2015,50),(51,'FOCUS','FORD',2015,51),(52,'FOCUS','FORD',2015,52),(53,'FOCUS','FORD',2016,53),(54,'FOCUS','FORD',2016,54),(55,'FOCUS','FORD',2016,55),(56,'FOCUS','FORD',2016,56),(57,'FOCUS','FORD',2016,57),(58,'FOCUS','FORD',2016,58),(59,'FOCUS','FORD',2013,59),(60,'FOCUS','FORD',2013,60),(61,'FOCUS','FORD',2013,61),(62,'FOCUS','FORD',2013,62),(63,'FOCUS','FORD',2013,63),(64,'FOCUS','FORD',2014,64),(65,'FOCUS','FORD',2014,65),(66,'FOCUS','FORD',2015,66),(67,'FOCUS','FORD',2016,67),(68,'FOCUS','FORD',2016,68),(69,'FOCUS','FORD',2013,69),(70,'FOCUS','FORD',2013,70),(71,'ESCAPE','FORD',2022,71),(72,'ESCAPE','FORD',2022,72),(73,'ESCAPE','FORD',2021,73),(74,'ESCAPE','FORD',2021,74),(75,'ESCAPE','FORD',2022,75),(76,'ESCAPE','FORD',2022,76),(77,'ESCAPE','FORD',2022,77),(78,'ESCAPE','FORD',2022,78),(79,'ESCAPE','FORD',2022,79),(80,'ESCAPE','FORD',2022,80),(81,'ESCAPE','FORD',2022,81),(82,'ESCAPE','FORD',2022,82),(83,'ESCAPE','FORD',2022,83),(84,'ESCAPE','FORD',2022,84),(85,'ESCAPE','FORD',2022,85),(86,'BOLT EV','CHEVROLET',2017,86),(87,'BOLT EV','CHEVROLET',2017,87),(88,'BOLT EV','CHEVROLET',2017,88),(89,'BOLT EV','CHEVROLET',2017,89),(90,'BOLT EV','CHEVROLET',2017,90),(91,'BOLT EV','CHEVROLET',2017,91),(92,'BOLT EV','CHEVROLET',2017,92),(93,'BOLT EV','CHEVROLET',2017,93),(94,'BOLT EV','CHEVROLET',2018,94),(95,'BOLT EV','CHEVROLET',2018,95),(96,'BOLT EV','CHEVROLET',2018,96),(97,'BOLT EV','CHEVROLET',2018,97),(98,'BOLT EV','CHEVROLET',2018,98),(99,'BOLT EV','CHEVROLET',2018,99),(100,'BOLT EV','CHEVROLET',2018,100),(101,'BOLT EV','CHEVROLET',2018,101),(102,'BOLT EV','CHEVROLET',2018,102),(103,'BOLT EV','CHEVROLET',2018,103),(104,'BOLT EV','CHEVROLET',2018,104),(105,'BOLT EV','CHEVROLET',2018,105),(106,'BOLT EV','CHEVROLET',2018,106),(107,'BOLT EV','CHEVROLET',2018,107),(108,'BOLT EV','CHEVROLET',2018,108),(109,'BOLT EV','CHEVROLET',2018,109),(110,'BOLT EV','CHEVROLET',2018,110),(111,'BOLT EV','CHEVROLET',2018,111),(112,'BOLT EV','CHEVROLET',2018,112),(113,'BOLT EV','CHEVROLET',2018,113),(114,'BOLT EV','CHEVROLET',2018,114),(115,'BOLT EV','CHEVROLET',2018,115),(116,'BOLT EV','CHEVROLET',2018,116),(117,'BOLT EV','CHEVROLET',2019,117),(118,'BOLT EV','CHEVROLET',2020,118),(119,'BOLT EV','CHEVROLET',2017,119),(120,'BOLT EV','CHEVROLET',2017,120),(121,'BOLT EV','CHEVROLET',2017,121),(122,'BOLT EV','CHEVROLET',2017,122),(123,'BOLT EV','CHEVROLET',2017,123),(124,'BOLT EV','CHEVROLET',2017,124),(125,'BOLT EV','CHEVROLET',2017,125),(126,'BOLT EV','CHEVROLET',2017,126),(127,'BOLT EV','CHEVROLET',2017,127),(128,'BOLT EV','CHEVROLET',2017,128),(129,'BOLT EV','CHEVROLET',2017,129),(130,'BOLT EV','CHEVROLET',2017,130),(131,'BOLT EV','CHEVROLET',2017,131),(132,'BOLT EV','CHEVROLET',2017,132),(133,'BOLT EV','CHEVROLET',2017,133),(134,'BOLT EV','CHEVROLET',2017,134),(135,'BOLT EV','CHEVROLET',2017,135),(136,'BOLT EV','CHEVROLET',2017,136),(137,'BOLT EV','CHEVROLET',2017,137),(138,'BOLT EV','CHEVROLET',2017,138),(139,'BOLT EV','CHEVROLET',2017,139),(140,'BOLT EV','CHEVROLET',2017,140),(141,'BOLT EV','CHEVROLET',2017,141),(142,'BOLT EV','CHEVROLET',2017,142),(143,'BOLT EV','CHEVROLET',2017,143),(144,'BOLT EV','CHEVROLET',2017,144),(145,'BOLT EV','CHEVROLET',2017,145),(146,'BOLT EV','CHEVROLET',2017,146),(147,'BOLT EV','CHEVROLET',2017,147),(148,'BOLT EV','CHEVROLET',2017,148),(149,'BOLT EV','CHEVROLET',2017,149),(150,'BOLT EV','CHEVROLET',2017,150),(151,'BOLT EV','CHEVROLET',2017,151),(152,'BOLT EV','CHEVROLET',2017,152),(153,'BOLT EV','CHEVROLET',2017,153),(154,'BOLT EV','CHEVROLET',2017,154),(155,'BOLT EV','CHEVROLET',2017,155),(156,'BOLT EV','CHEVROLET',2017,156),(157,'BOLT EV','CHEVROLET',2017,157),(158,'BOLT EV','CHEVROLET',2017,158),(159,'BOLT EV','CHEVROLET',2017,159),(160,'VOLT','CHEVROLET',2015,160),(161,'VOLT','CHEVROLET',2015,161),(162,'VOLT','CHEVROLET',2012,162),(163,'VOLT','CHEVROLET',2012,163),(164,'VOLT','CHEVROLET',2012,164),(165,'VOLT','CHEVROLET',2012,165),(166,'VOLT','CHEVROLET',2012,166),(167,'VOLT','CHEVROLET',2012,167),(168,'VOLT','CHEVROLET',2012,168),(169,'VOLT','CHEVROLET',2012,169),(170,'VOLT','CHEVROLET',2012,170),(171,'VOLT','CHEVROLET',2012,171),(172,'VOLT','CHEVROLET',2012,172),(173,'VOLT','CHEVROLET',2012,173),(174,'VOLT','CHEVROLET',2012,174),(175,'VOLT','CHEVROLET',2013,175),(176,'VOLT','CHEVROLET',2013,176),(177,'VOLT','CHEVROLET',2013,177),(178,'VOLT','CHEVROLET',2013,178),(179,'VOLT','CHEVROLET',2013,179),(180,'VOLT','CHEVROLET',2013,180),(181,'VOLT','CHEVROLET',2013,181),(182,'VOLT','CHEVROLET',2013,182),(183,'VOLT','CHEVROLET',2013,183),(184,'VOLT','CHEVROLET',2013,184),(185,'VOLT','CHEVROLET',2013,185),(186,'VOLT','CHEVROLET',2013,186),(187,'VOLT','CHEVROLET',2013,187),(188,'VOLT','CHEVROLET',2013,188),(189,'VOLT','CHEVROLET',2013,189),(190,'VOLT','CHEVROLET',2013,190),(191,'VOLT','CHEVROLET',2014,191),(192,'VOLT','CHEVROLET',2014,192),(193,'VOLT','CHEVROLET',2014,193),(194,'VOLT','CHEVROLET',2014,194),(195,'VOLT','CHEVROLET',2014,195),(196,'VOLT','CHEVROLET',2014,196),(197,'VOLT','CHEVROLET',2014,197),(198,'VOLT','CHEVROLET',2014,198),(199,'VOLT','CHEVROLET',2014,199),(200,'VOLT','CHEVROLET',2015,200),(201,'VOLT','CHEVROLET',2015,201),(202,'VOLT','CHEVROLET',2015,202),(203,'VOLT','CHEVROLET',2015,203),(204,'VOLT','CHEVROLET',2015,204),(205,'VOLT','CHEVROLET',2015,205),(206,'VOLT','CHEVROLET',2015,206),(207,'VOLT','CHEVROLET',2015,207),(208,'VOLT','CHEVROLET',2015,208),(209,'VOLT','CHEVROLET',2015,209),(210,'VOLT','CHEVROLET',2015,210),(211,'VOLT','CHEVROLET',2015,211),(212,'VOLT','CHEVROLET',2015,212),(213,'VOLT','CHEVROLET',2015,213),(214,'VOLT','CHEVROLET',2012,214),(215,'VOLT','CHEVROLET',2012,215),(216,'VOLT','CHEVROLET',2012,216),(217,'VOLT','CHEVROLET',2012,217),(218,'VOLT','CHEVROLET',2012,218),(219,'VOLT','CHEVROLET',2012,219),(220,'VOLT','CHEVROLET',2012,220),(221,'VOLT','CHEVROLET',2012,221),(222,'VOLT','CHEVROLET',2013,222),(223,'VOLT','CHEVROLET',2013,223),(224,'VOLT','CHEVROLET',2013,224),(225,'VOLT','CHEVROLET',2013,225),(226,'VOLT','CHEVROLET',2013,226),(227,'VOLT','CHEVROLET',2013,227),(228,'VOLT','CHEVROLET',2013,228),(229,'VOLT','CHEVROLET',2013,229),(230,'VOLT','CHEVROLET',2013,230),(231,'VOLT','CHEVROLET',2013,231),(232,'VOLT','CHEVROLET',2013,232),(233,'VOLT','CHEVROLET',2013,233),(234,'VOLT','CHEVROLET',2013,234),(235,'VOLT','CHEVROLET',2013,235),(236,'VOLT','CHEVROLET',2013,236),(237,'VOLT','CHEVROLET',2013,237),(238,'VOLT','CHEVROLET',2014,238),(239,'VOLT','CHEVROLET',2014,239),(240,'VOLT','CHEVROLET',2014,240),(241,'VOLT','CHEVROLET',2014,241),(242,'VOLT','CHEVROLET',2014,242),(243,'VOLT','CHEVROLET',2015,243),(244,'MODEL S','TESLA',2013,244),(245,'MODEL S','TESLA',2013,245),(246,'MODEL S','TESLA',2013,246),(247,'MODEL S','TESLA',2013,247),(248,'MODEL S','TESLA',2013,248),(249,'MODEL S','TESLA',2013,249),(250,'MODEL S','TESLA',2013,250),(251,'MODEL S','TESLA',2013,251),(252,'MODEL S','TESLA',2013,252),(253,'MODEL S','TESLA',2013,253),(254,'MODEL S','TESLA',2013,254),(255,'MODEL S','TESLA',2013,255),(256,'MODEL S','TESLA',2013,256),(257,'MODEL S','TESLA',2013,257),(258,'MODEL S','TESLA',2013,258),(259,'MODEL S','TESLA',2013,259),(260,'MODEL S','TESLA',2013,260),(261,'MODEL S','TESLA',2013,261),(262,'MODEL S','TESLA',2013,262),(263,'MODEL S','TESLA',2013,263),(264,'MODEL S','TESLA',2013,264),(265,'MODEL S','TESLA',2013,265),(266,'MODEL S','TESLA',2013,266),(267,'MODEL S','TESLA',2013,267),(268,'MODEL S','TESLA',2013,268),(269,'MODEL S','TESLA',2013,269),(270,'MODEL S','TESLA',2013,270),(271,'MODEL S','TESLA',2013,271),(272,'MODEL S','TESLA',2013,272),(273,'MODEL S','TESLA',2013,273),(274,'MODEL S','TESLA',2013,274),(275,'MODEL S','TESLA',2013,275),(276,'MODEL S','TESLA',2013,276),(277,'MODEL S','TESLA',2013,277),(278,'MODEL S','TESLA',2013,278),(279,'MODEL S','TESLA',2013,279),(280,'MODEL S','TESLA',2013,280),(281,'MODEL S','TESLA',2013,281),(282,'MODEL S','TESLA',2013,282),(283,'MODEL S','TESLA',2013,283),(284,'MODEL S','TESLA',2013,284),(285,'MODEL S','TESLA',2013,285),(286,'MODEL S','TESLA',2013,286),(287,'MODEL S','TESLA',2013,287),(288,'MODEL S','TESLA',2013,288),(289,'MODEL S','TESLA',2013,289),(290,'MODEL S','TESLA',2013,290),(291,'MODEL S','TESLA',2013,291),(292,'MODEL S','TESLA',2013,292),(293,'MODEL S','TESLA',2013,293),(294,'MODEL S','TESLA',2013,294),(295,'MODEL S','TESLA',2013,295),(296,'MODEL S','TESLA',2013,296),(297,'MODEL S','TESLA',2013,297),(298,'MODEL S','TESLA',2013,298),(299,'MODEL S','TESLA',2013,299),(300,'MODEL S','TESLA',2013,300),(301,'MODEL S','TESLA',2013,301),(302,'MODEL S','TESLA',2013,302),(303,'MODEL S','TESLA',2013,303),(304,'MODEL S','TESLA',2013,304),(305,'MODEL S','TESLA',2013,305),(306,'MODEL S','TESLA',2013,306),(307,'MODEL S','TESLA',2013,307),(308,'MODEL S','TESLA',2012,308),(309,'MODEL S','TESLA',2012,309),(310,'MODEL S','TESLA',2012,310),(311,'MODEL S','TESLA',2012,311),(312,'MODEL S','TESLA',2012,312),(313,'MODEL S','TESLA',2013,313),(314,'MODEL S','TESLA',2013,314),(315,'MODEL S','TESLA',2013,315),(316,'MODEL S','TESLA',2013,316),(317,'MODEL S','TESLA',2013,317),(318,'MODEL S','TESLA',2013,318),(319,'MODEL S','TESLA',2013,319),(320,'MODEL S','TESLA',2013,320),(321,'MODEL S','TESLA',2013,321),(322,'MODEL S','TESLA',2013,322),(323,'MODEL S','TESLA',2013,323),(324,'MODEL S','TESLA',2013,324),(325,'MODEL S','TESLA',2013,325),(326,'MODEL S','TESLA',2013,326),(327,'MODEL S','TESLA',2013,327),(328,'MODEL S','TESLA',2013,328),(329,'MODEL X','TESLA',2020,329),(330,'MODEL X','TESLA',2020,330),(331,'MODEL X','TESLA',2020,331),(332,'MODEL X','TESLA',2020,332),(333,'MODEL X','TESLA',2020,333),(334,'MODEL X','TESLA',2020,334),(335,'MODEL X','TESLA',2020,335),(336,'MODEL X','TESLA',2020,336),(337,'MODEL X','TESLA',2020,337),(338,'MODEL X','TESLA',2016,338),(339,'MODEL X','TESLA',2016,339),(340,'MODEL X','TESLA',2017,340),(341,'MODEL X','TESLA',2017,341),(342,'MODEL X','TESLA',2017,342),(343,'MODEL X','TESLA',2018,343),(344,'MODEL X','TESLA',2018,344),(345,'MODEL X','TESLA',2018,345),(346,'MODEL X','TESLA',2018,346),(347,'MODEL X','TESLA',2018,347),(348,'MODEL X','TESLA',2018,348),(349,'MODEL X','TESLA',2018,349),(350,'MODEL X','TESLA',2018,350),(351,'MODEL X','TESLA',2018,351),(352,'MODEL X','TESLA',2018,352),(353,'MODEL X','TESLA',2018,353),(354,'MODEL X','TESLA',2018,354),(355,'MODEL X','TESLA',2018,355),(356,'MODEL X','TESLA',2018,356),(357,'MODEL X','TESLA',2018,357),(358,'MODEL X','TESLA',2018,358),(359,'MODEL X','TESLA',2019,359),(360,'MODEL X','TESLA',2019,360),(361,'MODEL X','TESLA',2019,361),(362,'MODEL X','TESLA',2019,362),(363,'MODEL X','TESLA',2019,363),(364,'MODEL X','TESLA',2019,364),(365,'MODEL X','TESLA',2019,365),(366,'MODEL X','TESLA',2019,366),(367,'MODEL X','TESLA',2019,367),(368,'MODEL X','TESLA',2020,368),(369,'MODEL X','TESLA',2020,369),(370,'MODEL X','TESLA',2020,370),(371,'MODEL X','TESLA',2020,371),(372,'MODEL X','TESLA',2020,372),(373,'MODEL X','TESLA',2020,373),(374,'MODEL X','TESLA',2020,374),(375,'MODEL X','TESLA',2020,375),(376,'MODEL X','TESLA',2020,376),(377,'MODEL X','TESLA',2020,377),(378,'MODEL X','TESLA',2016,378),(379,'MODEL X','TESLA',2016,379),(380,'MODEL X','TESLA',2016,380),(381,'MODEL X','TESLA',2016,381),(382,'MODEL X','TESLA',2016,382),(383,'MODEL X','TESLA',2016,383),(384,'MODEL X','TESLA',2017,384),(385,'MODEL X','TESLA',2017,385),(386,'MODEL X','TESLA',2017,386),(387,'MODEL X','TESLA',2017,387),(388,'MODEL X','TESLA',2017,388),(389,'MODEL X','TESLA',2017,389),(390,'MODEL X','TESLA',2018,390),(391,'MODEL X','TESLA',2018,391),(392,'MODEL X','TESLA',2018,392),(393,'MODEL X','TESLA',2018,393),(394,'MODEL X','TESLA',2018,394),(395,'MODEL X','TESLA',2018,395),(396,'MODEL X','TESLA',2018,396),(397,'MODEL X','TESLA',2018,397),(398,'MODEL X','TESLA',2018,398),(399,'MODEL X','TESLA',2018,399),(400,'MODEL X','TESLA',2018,400),(401,'MODEL X','TESLA',2018,401),(402,'MODEL X','TESLA',2018,402),(403,'MODEL X','TESLA',2018,403),(404,'MODEL X','TESLA',2018,404),(405,'MODEL X','TESLA',2018,405),(406,'MODEL X','TESLA',2018,406),(407,'MODEL X','TESLA',2018,407),(408,'MODEL X','TESLA',2018,408),(409,'MODEL X','TESLA',2018,409),(410,'S60','VOLVO',2022,410),(411,'S60','VOLVO',2022,411),(412,'S60','VOLVO',2020,412),(413,'S60','VOLVO',2021,413),(414,'S60','VOLVO',2021,414),(415,'S60','VOLVO',2021,415),(416,'S60','VOLVO',2019,416),(417,'S60','VOLVO',2020,417),(418,'S60','VOLVO',2021,418),(419,'S60','VOLVO',2021,419),(420,'S60','VOLVO',2019,420),(421,'S60','VOLVO',2019,421),(422,'S60','VOLVO',2021,422),(423,'S60','VOLVO',2021,423),(424,'S60','VOLVO',2022,424),(425,'S60','VOLVO',2020,425),(426,'S60','VOLVO',2021,426),(427,'S60','VOLVO',2022,427),(428,'S60','VOLVO',2019,428),(429,'S60','VOLVO',2019,429),(430,'S60','VOLVO',2020,430),(431,'S60','VOLVO',2020,431),(432,'S60','VOLVO',2021,432),(433,'S60','VOLVO',2022,433),(434,'S60','VOLVO',2019,434),(435,'S60','VOLVO',2021,435),(436,'S60','VOLVO',2020,436),(437,'S60','VOLVO',2021,437),(438,'S60','VOLVO',2019,438),(439,'S60','VOLVO',2021,439),(440,'S60','VOLVO',2021,440),(441,'S60','VOLVO',2021,441),(442,'S60','VOLVO',2021,442),(443,'S60','VOLVO',2020,443),(444,'S60','VOLVO',2022,444),(445,'S60','VOLVO',2022,445),(446,'S60','VOLVO',2021,446),(447,'S60','VOLVO',2022,447),(448,'S60','VOLVO',2022,448),(449,'S60','VOLVO',2022,449),(450,'S60','VOLVO',2022,450),(451,'S60','VOLVO',2022,451),(452,'S60','VOLVO',2022,452),(453,'S60','VOLVO',2022,453),(454,'S60','VOLVO',2021,454),(455,'S60','VOLVO',2022,455),(456,'S60','VOLVO',2021,456),(457,'S60','VOLVO',2021,457),(458,'S60','VOLVO',2021,458),(459,'S60','VOLVO',2022,459),(460,'S60','VOLVO',2021,460),(461,'S60','VOLVO',2022,461),(462,'S60','VOLVO',2022,462),(463,'S60','VOLVO',2022,463),(464,'S60','VOLVO',2022,464),(465,'S60','VOLVO',2022,465),(466,'S60','VOLVO',2022,466),(467,'S60','VOLVO',2022,467),(468,'S60','VOLVO',2022,468),(469,'S60','VOLVO',2022,469),(470,'S60','VOLVO',2022,470),(471,'S60','VOLVO',2022,471),(472,'S60','VOLVO',2022,472),(473,'S60','VOLVO',2022,473),(474,'I-MIEV','MITSUBISHI',2012,474),(475,'I-MIEV','MITSUBISHI',2012,475),(476,'I-MIEV','MITSUBISHI',2012,476),(477,'I-MIEV','MITSUBISHI',2012,477),(478,'I-MIEV','MITSUBISHI',2012,478),(479,'I-MIEV','MITSUBISHI',2012,479),(480,'I-MIEV','MITSUBISHI',2012,480),(481,'I-MIEV','MITSUBISHI',2012,481),(482,'I-MIEV','MITSUBISHI',2012,482),(483,'I-MIEV','MITSUBISHI',2012,483),(484,'CLARITY','HONDA',2018,484),(485,'CLARITY','HONDA',2018,485),(486,'CLARITY','HONDA',2018,486),(487,'CLARITY','HONDA',2018,487),(488,'CLARITY','HONDA',2018,488),(489,'CLARITY','HONDA',2019,489),(490,'CLARITY','HONDA',2019,490),(491,'CLARITY','HONDA',2019,491),(492,'CLARITY','HONDA',2019,492),(493,'CLARITY','HONDA',2019,493),(494,'CLARITY','HONDA',2019,494),(495,'CLARITY','HONDA',2020,495),(496,'CLARITY','HONDA',2020,496),(497,'CLARITY','HONDA',2018,497),(498,'CLARITY','HONDA',2018,498),(499,'CLARITY','HONDA',2018,499),(500,'CLARITY','HONDA',2018,500),(501,'CLARITY','HONDA',2018,501),(502,'CLARITY','HONDA',2018,502),(503,'CLARITY','HONDA',2018,503),(504,'CLARITY','HONDA',2018,504),(505,'CLARITY','HONDA',2018,505),(506,'CLARITY','HONDA',2018,506);
/*!40000 ALTER TABLE `models` ENABLE KEYS */;
UNLOCK TABLES;
/*!40103 SET TIME_ZONE=@OLD_TIME_ZONE */;

/*!40101 SET SQL_MODE=@OLD_SQL_MODE */;
/*!40014 SET FOREIGN_KEY_CHECKS=@OLD_FOREIGN_KEY_CHECKS */;
/*!40014 SET UNIQUE_CHECKS=@OLD_UNIQUE_CHECKS */;
/*!40101 SET CHARACTER_SET_CLIENT=@OLD_CHARACTER_SET_CLIENT */;
/*!40101 SET CHARACTER_SET_RESULTS=@OLD_CHARACTER_SET_RESULTS */;
/*!40101 SET COLLATION_CONNECTION=@OLD_COLLATION_CONNECTION */;
/*!40111 SET SQL_NOTES=@OLD_SQL_NOTES */;

-- Dump completed on 2024-05-12 14:41:32
-- MySQL dump 10.13  Distrib 8.0.36, for macos14 (arm64)
--
-- Host: localhost    Database: electric_vehicle
-- ------------------------------------------------------
-- Server version	8.0.36

/*!40101 SET @OLD_CHARACTER_SET_CLIENT=@@CHARACTER_SET_CLIENT */;
/*!40101 SET @OLD_CHARACTER_SET_RESULTS=@@CHARACTER_SET_RESULTS */;
/*!40101 SET @OLD_COLLATION_CONNECTION=@@COLLATION_CONNECTION */;
/*!50503 SET NAMES utf8 */;
/*!40103 SET @OLD_TIME_ZONE=@@TIME_ZONE */;
/*!40103 SET TIME_ZONE='+00:00' */;
/*!40014 SET @OLD_UNIQUE_CHECKS=@@UNIQUE_CHECKS, UNIQUE_CHECKS=0 */;
/*!40014 SET @OLD_FOREIGN_KEY_CHECKS=@@FOREIGN_KEY_CHECKS, FOREIGN_KEY_CHECKS=0 */;
/*!40101 SET @OLD_SQL_MODE=@@SQL_MODE, SQL_MODE='NO_AUTO_VALUE_ON_ZERO' */;
/*!40111 SET @OLD_SQL_NOTES=@@SQL_NOTES, SQL_NOTES=0 */;

--
-- Table structure for table `registrations`
--

DROP TABLE IF EXISTS `registrations`;
/*!40101 SET @saved_cs_client     = @@character_set_client */;
/*!50503 SET character_set_client = utf8mb4 */;
CREATE TABLE `registrations` (
  `registration_id` int NOT NULL,
  `vin` varchar(50) DEFAULT NULL,
  `dol_vehicle_id` varchar(50) DEFAULT NULL,
  `city_id` int DEFAULT NULL,
  `cafv_eligibility` varchar(50) DEFAULT NULL,
  PRIMARY KEY (`registration_id`),
  KEY `city_id` (`city_id`),
  CONSTRAINT `registrations_ibfk_1` FOREIGN KEY (`city_id`) REFERENCES `cities` (`city_id`)
) ENGINE=InnoDB DEFAULT CHARSET=utf8mb4 COLLATE=utf8mb4_0900_ai_ci;
/*!40101 SET character_set_client = @saved_cs_client */;

--
-- Dumping data for table `registrations`
--

LOCK TABLES `registrations` WRITE;
/*!40000 ALTER TABLE `registrations` DISABLE KEYS */;
INSERT INTO `registrations` VALUES (1,'1C4JJXP60M','154994794',1,'Not eligible due to low battery range'),(2,'1C4JJXP60M','198741574',2,'Not eligible due to low battery range'),(3,'1C4JJXP60M','185498092',3,'Not eligible due to low battery range'),(4,'1C4JJXP60M','213430752',4,'Not eligible due to low battery range'),(5,'1C4JJXP60M','170705062',5,'Not eligible due to low battery range'),(6,'1C4JJXP60M','161128621',6,'Not eligible due to low battery range'),(7,'1C4JJXP60M','182238129',7,'Not eligible due to low battery range'),(8,'1C4JJXP60M','185952287',8,'Not eligible due to low battery range'),(9,'1C4JJXP60M','202424092',9,'Not eligible due to low battery range'),(10,'1C4JJXP60M','154905880',10,'Not eligible due to low battery range'),(11,'1C4JJXP60M','183260787',11,'Not eligible due to low battery range'),(12,'1C4JJXP60M','157615384',12,'Not eligible due to low battery range'),(13,'1C4JJXP60M','152400223',13,'Not eligible due to low battery range'),(14,'1C4JJXP60M','161293149',14,'Not eligible due to low battery range'),(15,'1C4JJXP60M','193719718',15,'Not eligible due to low battery range'),(16,'1C4JJXP60M','183215735',16,'Not eligible due to low battery range'),(17,'1C4JJXP60M','185716940',17,'Not eligible due to low battery range'),(18,'1C4JJXP60M','167310531',18,'Not eligible due to low battery range'),(19,'1C4JJXP60M','185445466',19,'Not eligible due to low battery range'),(20,'1C4JJXP60M','154877656',20,'Not eligible due to low battery range'),(21,'1C4JJXP60M','151789445',21,'Not eligible due to low battery range'),(22,'1C4JJXP60M','193943375',22,'Not eligible due to low battery range'),(23,'1C4JJXP60M','177840470',23,'Not eligible due to low battery range'),(24,'1C4JJXP60M','152542176',24,'Not eligible due to low battery range'),(25,'1FADP3R47E','183781545',25,'Clean Alternative Fuel Vehicle Eligible'),(26,'1FADP3R47E','173283225',26,'Clean Alternative Fuel Vehicle Eligible'),(27,'1FADP3R47E','205611143',27,'Clean Alternative Fuel Vehicle Eligible'),(28,'1FADP3R47E','147385850',28,'Clean Alternative Fuel Vehicle Eligible'),(29,'1FADP3R47E','221823108',29,'Clean Alternative Fuel Vehicle Eligible'),(30,'1FADP3R47F','201852731',30,'Clean Alternative Fuel Vehicle Eligible'),(31,'1FADP3R47F','247897002',31,'Clean Alternative Fuel Vehicle Eligible'),(32,'1FADP3R47F','229064',32,'Clean Alternative Fuel Vehicle Eligible'),(33,'1FADP3R47F','170735939',33,'Clean Alternative Fuel Vehicle Eligible'),(34,'1FADP3R47G','142149171',34,'Clean Alternative Fuel Vehicle Eligible'),(35,'1FADP3R48D','207588475',35,'Clean Alternative Fuel Vehicle Eligible'),(36,'1FADP3R48D','112640769',36,'Clean Alternative Fuel Vehicle Eligible'),(37,'1FADP3R48D','200188558',37,'Clean Alternative Fuel Vehicle Eligible'),(38,'1FADP3R48D','230543288',38,'Clean Alternative Fuel Vehicle Eligible'),(39,'1FADP3R48D','192355271',39,'Clean Alternative Fuel Vehicle Eligible'),(40,'1FADP3R48D','61092',40,'Clean Alternative Fuel Vehicle Eligible'),(41,'1FADP3R48D','154043837',41,'Clean Alternative Fuel Vehicle Eligible'),(42,'1FADP3R48E','246397322',42,'Clean Alternative Fuel Vehicle Eligible'),(43,'1FADP3R48E','105724923',43,'Clean Alternative Fuel Vehicle Eligible'),(44,'1FADP3R48E','115177373',44,'Clean Alternative Fuel Vehicle Eligible'),(45,'1FADP3R48E','242755831',45,'Clean Alternative Fuel Vehicle Eligible'),(46,'1FADP3R48E','156651988',46,'Clean Alternative Fuel Vehicle Eligible'),(47,'1FADP3R48F','476814726',47,'Clean Alternative Fuel Vehicle Eligible'),(48,'1FADP3R48F','101641102',48,'Clean Alternative Fuel Vehicle Eligible'),(49,'1FADP3R48F','175904872',49,'Clean Alternative Fuel Vehicle Eligible'),(50,'1FADP3R48F','227597212',50,'Clean Alternative Fuel Vehicle Eligible'),(51,'1FADP3R48F','478924358',51,'Clean Alternative Fuel Vehicle Eligible'),(52,'1FADP3R48F','167364102',52,'Clean Alternative Fuel Vehicle Eligible'),(53,'1FADP3R48G','156704831',53,'Clean Alternative Fuel Vehicle Eligible'),(54,'1FADP3R48G','140304118',54,'Clean Alternative Fuel Vehicle Eligible'),(55,'1FADP3R48G','254587980',55,'Clean Alternative Fuel Vehicle Eligible'),(56,'1FADP3R48G','199319991',56,'Clean Alternative Fuel Vehicle Eligible'),(57,'1FADP3R48G','115381661',57,'Clean Alternative Fuel Vehicle Eligible'),(58,'1FADP3R48G','105394257',58,'Clean Alternative Fuel Vehicle Eligible'),(59,'1FADP3R49D','129720454',59,'Clean Alternative Fuel Vehicle Eligible'),(60,'1FADP3R49D','103874844',60,'Clean Alternative Fuel Vehicle Eligible'),(61,'1FADP3R49D','116535037',61,'Clean Alternative Fuel Vehicle Eligible'),(62,'1FADP3R49D','153686998',62,'Clean Alternative Fuel Vehicle Eligible'),(63,'1FADP3R49D','344491017',63,'Clean Alternative Fuel Vehicle Eligible'),(64,'1FADP3R49E','180172394',64,'Clean Alternative Fuel Vehicle Eligible'),(65,'1FADP3R49E','248597793',65,'Clean Alternative Fuel Vehicle Eligible'),(66,'1FADP3R49F','217870159',66,'Clean Alternative Fuel Vehicle Eligible'),(67,'1FADP3R49G','249036378',67,'Clean Alternative Fuel Vehicle Eligible'),(68,'1FADP3R49G','175571217',68,'Clean Alternative Fuel Vehicle Eligible'),(69,'1FADP3R4XD','191815312',69,'Clean Alternative Fuel Vehicle Eligible'),(70,'1FADP3R4XD','233838545',70,'Clean Alternative Fuel Vehicle Eligible'),(71,'1FMCU0KZ8N','204931877',71,'Clean Alternative Fuel Vehicle Eligible'),(72,'1FMCU0KZ8N','207689485',72,'Clean Alternative Fuel Vehicle Eligible'),(73,'1FMCU0KZ9M','180128756',73,'Clean Alternative Fuel Vehicle Eligible'),(74,'1FMCU0KZ9M','178971474',74,'Clean Alternative Fuel Vehicle Eligible'),(75,'1FMCU0KZ9N','193662290',75,'Clean Alternative Fuel Vehicle Eligible'),(76,'1FMCU0KZ9N','193482684',76,'Clean Alternative Fuel Vehicle Eligible'),(77,'1FMCU0KZ9N','219570249',77,'Clean Alternative Fuel Vehicle Eligible'),(78,'1FMCU0KZ9N','193681967',78,'Clean Alternative Fuel Vehicle Eligible'),(79,'1FMCU0KZ9N','187155314',79,'Clean Alternative Fuel Vehicle Eligible'),(80,'1FMCU0KZ9N','193505672',80,'Clean Alternative Fuel Vehicle Eligible'),(81,'1FMCU0KZ9N','202841712',81,'Clean Alternative Fuel Vehicle Eligible'),(82,'1FMCU0KZ9N','200913205',82,'Clean Alternative Fuel Vehicle Eligible'),(83,'1FMCU0KZ9N','219295429',83,'Clean Alternative Fuel Vehicle Eligible'),(84,'1FMCU0KZXN','205341720',84,'Clean Alternative Fuel Vehicle Eligible'),(85,'1FMCU0KZXN','216910725',85,'Clean Alternative Fuel Vehicle Eligible'),(86,'1G1FX6S00H','128898122',86,'Clean Alternative Fuel Vehicle Eligible'),(87,'1G1FX6S00H','136874601',87,'Clean Alternative Fuel Vehicle Eligible'),(88,'1G1FX6S00H','172378132',88,'Clean Alternative Fuel Vehicle Eligible'),(89,'1G1FX6S00H','152864015',89,'Clean Alternative Fuel Vehicle Eligible'),(90,'1G1FX6S00H','202191398',90,'Clean Alternative Fuel Vehicle Eligible'),(91,'1G1FX6S00H','302732790',91,'Clean Alternative Fuel Vehicle Eligible'),(92,'1G1FX6S00H','225167953',92,'Clean Alternative Fuel Vehicle Eligible'),(93,'1G1FX6S00H','348485483',93,'Clean Alternative Fuel Vehicle Eligible'),(94,'1G1FX6S00J','220394716',94,'Clean Alternative Fuel Vehicle Eligible'),(95,'1G1FX6S00J','476244310',95,'Clean Alternative Fuel Vehicle Eligible'),(96,'1G1FX6S00J','168916597',96,'Clean Alternative Fuel Vehicle Eligible'),(97,'1G1FX6S00J','327586528',97,'Clean Alternative Fuel Vehicle Eligible'),(98,'1G1FX6S00J','187947637',98,'Clean Alternative Fuel Vehicle Eligible'),(99,'1G1FX6S00J','111542511',99,'Clean Alternative Fuel Vehicle Eligible'),(100,'1G1FX6S00J','211037242',100,'Clean Alternative Fuel Vehicle Eligible'),(101,'1G1FX6S00J','130470889',101,'Clean Alternative Fuel Vehicle Eligible'),(102,'1G1FX6S00J','297073024',102,'Clean Alternative Fuel Vehicle Eligible'),(103,'1G1FX6S00J','273154192',103,'Clean Alternative Fuel Vehicle Eligible'),(104,'1G1FX6S00J','203540123',104,'Clean Alternative Fuel Vehicle Eligible'),(105,'1G1FX6S00J','168392430',105,'Clean Alternative Fuel Vehicle Eligible'),(106,'1G1FX6S00J','205713028',106,'Clean Alternative Fuel Vehicle Eligible'),(107,'1G1FX6S00J','134049534',107,'Clean Alternative Fuel Vehicle Eligible'),(108,'1G1FX6S00J','263511139',108,'Clean Alternative Fuel Vehicle Eligible'),(109,'1G1FX6S00J','293981621',109,'Clean Alternative Fuel Vehicle Eligible'),(110,'1G1FX6S00J','202891440',110,'Clean Alternative Fuel Vehicle Eligible'),(111,'1G1FX6S00J','282419084',111,'Clean Alternative Fuel Vehicle Eligible'),(112,'1G1FX6S00J','279718547',112,'Clean Alternative Fuel Vehicle Eligible'),(113,'1G1FX6S00J','338595743',113,'Clean Alternative Fuel Vehicle Eligible'),(114,'1G1FX6S00J','301002208',114,'Clean Alternative Fuel Vehicle Eligible'),(115,'1G1FX6S00J','135443619',115,'Clean Alternative Fuel Vehicle Eligible'),(116,'1G1FX6S00J','347972607',116,'Clean Alternative Fuel Vehicle Eligible'),(117,'1G1FX6S00K','298960175',117,'Clean Alternative Fuel Vehicle Eligible'),(118,'1G1FX6S00L','144528415',118,'Clean Alternative Fuel Vehicle Eligible'),(119,'1G1FX6S01H','239918129',119,'Clean Alternative Fuel Vehicle Eligible'),(120,'1G1FX6S01H','284344203',120,'Clean Alternative Fuel Vehicle Eligible'),(121,'1G1FX6S01H','195396204',121,'Clean Alternative Fuel Vehicle Eligible'),(122,'1G1FX6S01H','135202588',122,'Clean Alternative Fuel Vehicle Eligible'),(123,'1G1FX6S01H','143995057',123,'Clean Alternative Fuel Vehicle Eligible'),(124,'1G1FX6S01H','138860564',124,'Clean Alternative Fuel Vehicle Eligible'),(125,'1G1FX6S01H','234937048',125,'Clean Alternative Fuel Vehicle Eligible'),(126,'1G1FX6S01H','347781689',126,'Clean Alternative Fuel Vehicle Eligible'),(127,'1G1FX6S01H','123666175',127,'Clean Alternative Fuel Vehicle Eligible'),(128,'1G1FX6S01H','133089981',128,'Clean Alternative Fuel Vehicle Eligible'),(129,'1G1FX6S01H','180215920',129,'Clean Alternative Fuel Vehicle Eligible'),(130,'1G1FX6S01H','222168635',130,'Clean Alternative Fuel Vehicle Eligible'),(131,'1G1FX6S01H','169779914',131,'Clean Alternative Fuel Vehicle Eligible'),(132,'1G1FX6S01H','211898123',132,'Clean Alternative Fuel Vehicle Eligible'),(133,'1G1FX6S01H','331975094',133,'Clean Alternative Fuel Vehicle Eligible'),(134,'1G1FX6S01H','105993982',134,'Clean Alternative Fuel Vehicle Eligible'),(135,'1G1FX6S01H','333477126',135,'Clean Alternative Fuel Vehicle Eligible'),(136,'1G1FX6S01H','171618653',136,'Clean Alternative Fuel Vehicle Eligible'),(137,'1G1FX6S01H','161674579',137,'Clean Alternative Fuel Vehicle Eligible'),(138,'1G1FX6S01H','191082412',138,'Clean Alternative Fuel Vehicle Eligible'),(139,'1G1FX6S01H','211861387',139,'Clean Alternative Fuel Vehicle Eligible'),(140,'1G1FX6S01H','170467447',140,'Clean Alternative Fuel Vehicle Eligible'),(141,'1G1FX6S01H','313686383',141,'Clean Alternative Fuel Vehicle Eligible'),(142,'1G1FX6S01H','3606683',142,'Clean Alternative Fuel Vehicle Eligible'),(143,'1G1FX6S01H','206388619',143,'Clean Alternative Fuel Vehicle Eligible'),(144,'1G1FX6S01H','287973472',144,'Clean Alternative Fuel Vehicle Eligible'),(145,'1G1FX6S01H','123169763',145,'Clean Alternative Fuel Vehicle Eligible'),(146,'1G1FX6S01H','161718630',146,'Clean Alternative Fuel Vehicle Eligible'),(147,'1G1FX6S01H','238192055',147,'Clean Alternative Fuel Vehicle Eligible'),(148,'1G1FX6S01H','249766996',148,'Clean Alternative Fuel Vehicle Eligible'),(149,'1G1FX6S01H','8902603',149,'Clean Alternative Fuel Vehicle Eligible'),(150,'1G1FX6S01H','349114846',150,'Clean Alternative Fuel Vehicle Eligible'),(151,'1G1FX6S01H','3660156',151,'Clean Alternative Fuel Vehicle Eligible'),(152,'1G1FX6S01H','127497233',152,'Clean Alternative Fuel Vehicle Eligible'),(153,'1G1FX6S01H','167366587',153,'Clean Alternative Fuel Vehicle Eligible'),(154,'1G1FX6S01H','185544432',154,'Clean Alternative Fuel Vehicle Eligible'),(155,'1G1FX6S01H','112695474',155,'Clean Alternative Fuel Vehicle Eligible'),(156,'1G1FX6S01H','134139358',156,'Clean Alternative Fuel Vehicle Eligible'),(157,'1G1FX6S01H','303823922',157,'Clean Alternative Fuel Vehicle Eligible'),(158,'1G1FX6S01H','171328706',158,'Clean Alternative Fuel Vehicle Eligible'),(159,'1G1FX6S01H','4972124',159,'Clean Alternative Fuel Vehicle Eligible'),(160,'1G1RB6E43F','182908939',160,'Clean Alternative Fuel Vehicle Eligible'),(161,'1G1RB6E43F','200001770',161,'Clean Alternative Fuel Vehicle Eligible'),(162,'1G1RB6E44C','223531472',162,'Clean Alternative Fuel Vehicle Eligible'),(163,'1G1RB6E44C','174838989',163,'Clean Alternative Fuel Vehicle Eligible'),(164,'1G1RB6E44C','264068143',164,'Clean Alternative Fuel Vehicle Eligible'),(165,'1G1RB6E44C','101186116',165,'Clean Alternative Fuel Vehicle Eligible'),(166,'1G1RB6E44C','220835401',166,'Clean Alternative Fuel Vehicle Eligible'),(167,'1G1RB6E44C','128411251',167,'Clean Alternative Fuel Vehicle Eligible'),(168,'1G1RB6E44C','277457883',168,'Clean Alternative Fuel Vehicle Eligible'),(169,'1G1RB6E44C','145423078',169,'Clean Alternative Fuel Vehicle Eligible'),(170,'1G1RB6E44C','173161824',170,'Clean Alternative Fuel Vehicle Eligible'),(171,'1G1RB6E44C','164468405',171,'Clean Alternative Fuel Vehicle Eligible'),(172,'1G1RB6E44C','154547284',172,'Clean Alternative Fuel Vehicle Eligible'),(173,'1G1RB6E44C','146619602',173,'Clean Alternative Fuel Vehicle Eligible'),(174,'1G1RB6E44C','261209910',174,'Clean Alternative Fuel Vehicle Eligible'),(175,'1G1RB6E44D','148246157',175,'Clean Alternative Fuel Vehicle Eligible'),(176,'1G1RB6E44D','122822822',176,'Clean Alternative Fuel Vehicle Eligible'),(177,'1G1RB6E44D','231978883',177,'Clean Alternative Fuel Vehicle Eligible'),(178,'1G1RB6E44D','172414889',178,'Clean Alternative Fuel Vehicle Eligible'),(179,'1G1RB6E44D','208206099',179,'Clean Alternative Fuel Vehicle Eligible'),(180,'1G1RB6E44D','255999201',180,'Clean Alternative Fuel Vehicle Eligible'),(181,'1G1RB6E44D','107119533',181,'Clean Alternative Fuel Vehicle Eligible'),(182,'1G1RB6E44D','476841879',182,'Clean Alternative Fuel Vehicle Eligible'),(183,'1G1RB6E44D','168474078',183,'Clean Alternative Fuel Vehicle Eligible'),(184,'1G1RB6E44D','132175501',184,'Clean Alternative Fuel Vehicle Eligible'),(185,'1G1RB6E44D','187926854',185,'Clean Alternative Fuel Vehicle Eligible'),(186,'1G1RB6E44D','235790040',186,'Clean Alternative Fuel Vehicle Eligible'),(187,'1G1RB6E44D','128308659',187,'Clean Alternative Fuel Vehicle Eligible'),(188,'1G1RB6E44D','198501208',188,'Clean Alternative Fuel Vehicle Eligible'),(189,'1G1RB6E44D','196108587',189,'Clean Alternative Fuel Vehicle Eligible'),(190,'1G1RB6E44D','264179191',190,'Clean Alternative Fuel Vehicle Eligible'),(191,'1G1RB6E44E','145131738',191,'Clean Alternative Fuel Vehicle Eligible'),(192,'1G1RB6E44E','169336079',192,'Clean Alternative Fuel Vehicle Eligible'),(193,'1G1RB6E44E','104008642',193,'Clean Alternative Fuel Vehicle Eligible'),(194,'1G1RB6E44E','218591502',194,'Clean Alternative Fuel Vehicle Eligible'),(195,'1G1RB6E44E','136588301',195,'Clean Alternative Fuel Vehicle Eligible'),(196,'1G1RB6E44E','177786997',196,'Clean Alternative Fuel Vehicle Eligible'),(197,'1G1RB6E44E','200432935',197,'Clean Alternative Fuel Vehicle Eligible'),(198,'1G1RB6E44E','217063570',198,'Clean Alternative Fuel Vehicle Eligible'),(199,'1G1RB6E44E','206878451',199,'Clean Alternative Fuel Vehicle Eligible'),(200,'1G1RB6E44F','334974517',200,'Clean Alternative Fuel Vehicle Eligible'),(201,'1G1RB6E44F','128062259',201,'Clean Alternative Fuel Vehicle Eligible'),(202,'1G1RB6E44F','230618678',202,'Clean Alternative Fuel Vehicle Eligible'),(203,'1G1RB6E44F','120557489',203,'Clean Alternative Fuel Vehicle Eligible'),(204,'1G1RB6E44F','247075349',204,'Clean Alternative Fuel Vehicle Eligible'),(205,'1G1RB6E44F','112891957',205,'Clean Alternative Fuel Vehicle Eligible'),(206,'1G1RB6E44F','104412465',206,'Clean Alternative Fuel Vehicle Eligible'),(207,'1G1RB6E44F','110474703',207,'Clean Alternative Fuel Vehicle Eligible'),(208,'1G1RB6E44F','224931472',208,'Clean Alternative Fuel Vehicle Eligible'),(209,'1G1RB6E44F','221783768',209,'Clean Alternative Fuel Vehicle Eligible'),(210,'1G1RB6E44F','148028450',210,'Clean Alternative Fuel Vehicle Eligible'),(211,'1G1RB6E44F','146940545',211,'Clean Alternative Fuel Vehicle Eligible'),(212,'1G1RB6E44F','140030271',212,'Clean Alternative Fuel Vehicle Eligible'),(213,'1G1RB6E44F','220947828',213,'Clean Alternative Fuel Vehicle Eligible'),(214,'1G1RB6E45C','133291238',214,'Clean Alternative Fuel Vehicle Eligible'),(215,'1G1RB6E45C','196245003',215,'Clean Alternative Fuel Vehicle Eligible'),(216,'1G1RB6E45C','189339062',216,'Clean Alternative Fuel Vehicle Eligible'),(217,'1G1RB6E45C','205333166',217,'Clean Alternative Fuel Vehicle Eligible'),(218,'1G1RB6E45C','259889990',218,'Clean Alternative Fuel Vehicle Eligible'),(219,'1G1RB6E45C','161555397',219,'Clean Alternative Fuel Vehicle Eligible'),(220,'1G1RB6E45C','112905460',220,'Clean Alternative Fuel Vehicle Eligible'),(221,'1G1RB6E45C','264022055',221,'Clean Alternative Fuel Vehicle Eligible'),(222,'1G1RB6E45D','231948699',222,'Clean Alternative Fuel Vehicle Eligible'),(223,'1G1RB6E45D','187212679',223,'Clean Alternative Fuel Vehicle Eligible'),(224,'1G1RB6E45D','219381564',224,'Clean Alternative Fuel Vehicle Eligible'),(225,'1G1RB6E45D','130461537',225,'Clean Alternative Fuel Vehicle Eligible'),(226,'1G1RB6E45D','203109497',226,'Clean Alternative Fuel Vehicle Eligible'),(227,'1G1RB6E45D','160303335',227,'Clean Alternative Fuel Vehicle Eligible'),(228,'1G1RB6E45D','239885152',228,'Clean Alternative Fuel Vehicle Eligible'),(229,'1G1RB6E45D','206757134',229,'Clean Alternative Fuel Vehicle Eligible'),(230,'1G1RB6E45D','247656860',230,'Clean Alternative Fuel Vehicle Eligible'),(231,'1G1RB6E45D','3858347',231,'Clean Alternative Fuel Vehicle Eligible'),(232,'1G1RB6E45D','219461756',232,'Clean Alternative Fuel Vehicle Eligible'),(233,'1G1RB6E45D','111472133',233,'Clean Alternative Fuel Vehicle Eligible'),(234,'1G1RB6E45D','175483990',234,'Clean Alternative Fuel Vehicle Eligible'),(235,'1G1RB6E45D','102436344',235,'Clean Alternative Fuel Vehicle Eligible'),(236,'1G1RB6E45D','154875339',236,'Clean Alternative Fuel Vehicle Eligible'),(237,'1G1RB6E45D','249326675',237,'Clean Alternative Fuel Vehicle Eligible'),(238,'1G1RB6E45E','225114480',238,'Clean Alternative Fuel Vehicle Eligible'),(239,'1G1RB6E45E','165102332',239,'Clean Alternative Fuel Vehicle Eligible'),(240,'1G1RB6E45E','219670524',240,'Clean Alternative Fuel Vehicle Eligible'),(241,'1G1RB6E45E','104655757',241,'Clean Alternative Fuel Vehicle Eligible'),(242,'1G1RB6E45E','259753686',242,'Clean Alternative Fuel Vehicle Eligible'),(243,'1G1RB6E45F','259891110',243,'Clean Alternative Fuel Vehicle Eligible'),(244,'5YJSA1AC0D','4248569',244,'Clean Alternative Fuel Vehicle Eligible'),(245,'5YJSA1AC0D','244891062',245,'Clean Alternative Fuel Vehicle Eligible'),(246,'5YJSA1AC0D','350354770',246,'Clean Alternative Fuel Vehicle Eligible'),(247,'5YJSA1AC1D','189966115',247,'Clean Alternative Fuel Vehicle Eligible'),(248,'5YJSA1AC1D','196812423',248,'Clean Alternative Fuel Vehicle Eligible'),(249,'5YJSA1AC2D','168525528',249,'Clean Alternative Fuel Vehicle Eligible'),(250,'5YJSA1AC2D','154187407',250,'Clean Alternative Fuel Vehicle Eligible'),(251,'5YJSA1AC2D','144945552',251,'Clean Alternative Fuel Vehicle Eligible'),(252,'5YJSA1AC2D','220681163',252,'Clean Alternative Fuel Vehicle Eligible'),(253,'5YJSA1AC3D','150885493',253,'Clean Alternative Fuel Vehicle Eligible'),(254,'5YJSA1AC4D','200599234',254,'Clean Alternative Fuel Vehicle Eligible'),(255,'5YJSA1AC5D','219508838',255,'Clean Alternative Fuel Vehicle Eligible'),(256,'5YJSA1AC6D','3063028',256,'Clean Alternative Fuel Vehicle Eligible'),(257,'5YJSA1AC7D','264474892',257,'Clean Alternative Fuel Vehicle Eligible'),(258,'5YJSA1AC8D','143093128',258,'Clean Alternative Fuel Vehicle Eligible'),(259,'5YJSA1AC8D','173931250',259,'Clean Alternative Fuel Vehicle Eligible'),(260,'5YJSA1AC8D','128924547',260,'Clean Alternative Fuel Vehicle Eligible'),(261,'5YJSA1AC8D','165003835',261,'Clean Alternative Fuel Vehicle Eligible'),(262,'5YJSA1AC8D','251665550',262,'Clean Alternative Fuel Vehicle Eligible'),(263,'5YJSA1AC9D','237852884',263,'Clean Alternative Fuel Vehicle Eligible'),(264,'5YJSA1AC9D','103818417',264,'Clean Alternative Fuel Vehicle Eligible'),(265,'5YJSA1AC9D','156630246',265,'Clean Alternative Fuel Vehicle Eligible'),(266,'5YJSA1ACXD','240729520',266,'Clean Alternative Fuel Vehicle Eligible'),(267,'5YJSA1ACXD','237844820',267,'Clean Alternative Fuel Vehicle Eligible'),(268,'5YJSA1ACXD','198513395',268,'Clean Alternative Fuel Vehicle Eligible'),(269,'5YJSA1AG0D','148205298',269,'Clean Alternative Fuel Vehicle Eligible'),(270,'5YJSA1AG0D','156867931',270,'Clean Alternative Fuel Vehicle Eligible'),(271,'5YJSA1AG0D','172644013',271,'Clean Alternative Fuel Vehicle Eligible'),(272,'5YJSA1AG0D','106404098',272,'Clean Alternative Fuel Vehicle Eligible'),(273,'5YJSA1AG0D','140588248',273,'Clean Alternative Fuel Vehicle Eligible'),(274,'5YJSA1AG1D','198594595',274,'Clean Alternative Fuel Vehicle Eligible'),(275,'5YJSA1AG1D','7917311',275,'Clean Alternative Fuel Vehicle Eligible'),(276,'5YJSA1AG2D','107938057',276,'Clean Alternative Fuel Vehicle Eligible'),(277,'5YJSA1AG2D','194486099',277,'Clean Alternative Fuel Vehicle Eligible'),(278,'5YJSA1AG2D','106420086',278,'Clean Alternative Fuel Vehicle Eligible'),(279,'5YJSA1AG2D','103733801',279,'Clean Alternative Fuel Vehicle Eligible'),(280,'5YJSA1AG3D','141388677',280,'Clean Alternative Fuel Vehicle Eligible'),(281,'5YJSA1AG3D','164462140',281,'Clean Alternative Fuel Vehicle Eligible'),(282,'5YJSA1AG4D','177416669',282,'Clean Alternative Fuel Vehicle Eligible'),(283,'5YJSA1AG4D','202397513',283,'Clean Alternative Fuel Vehicle Eligible'),(284,'5YJSA1AG4D','183219767',284,'Clean Alternative Fuel Vehicle Eligible'),(285,'5YJSA1AG5D','322376092',285,'Clean Alternative Fuel Vehicle Eligible'),(286,'5YJSA1AG5D','207436750',286,'Clean Alternative Fuel Vehicle Eligible'),(287,'5YJSA1AG5D','348798873',287,'Clean Alternative Fuel Vehicle Eligible'),(288,'5YJSA1AG5D','7517212',288,'Clean Alternative Fuel Vehicle Eligible'),(289,'5YJSA1AG6D','475229583',289,'Clean Alternative Fuel Vehicle Eligible'),(290,'5YJSA1AG6D','100531756',290,'Clean Alternative Fuel Vehicle Eligible'),(291,'5YJSA1AG6D','167512019',291,'Clean Alternative Fuel Vehicle Eligible'),(292,'5YJSA1AG6D','172528898',292,'Clean Alternative Fuel Vehicle Eligible'),(293,'5YJSA1AG6D','199462896',293,'Clean Alternative Fuel Vehicle Eligible'),(294,'5YJSA1AG6D','294615555',294,'Clean Alternative Fuel Vehicle Eligible'),(295,'5YJSA1AG7D','157306103',295,'Clean Alternative Fuel Vehicle Eligible'),(296,'5YJSA1AG7D','143399476',296,'Clean Alternative Fuel Vehicle Eligible'),(297,'5YJSA1AG7D','120305048',297,'Clean Alternative Fuel Vehicle Eligible'),(298,'5YJSA1AG7D','154422061',298,'Clean Alternative Fuel Vehicle Eligible'),(299,'5YJSA1AG7D','105486167',299,'Clean Alternative Fuel Vehicle Eligible'),(300,'5YJSA1AG7D','195367672',300,'Clean Alternative Fuel Vehicle Eligible'),(301,'5YJSA1AG7D','159212882',301,'Clean Alternative Fuel Vehicle Eligible'),(302,'5YJSA1CN5D','147510506',302,'Clean Alternative Fuel Vehicle Eligible'),(303,'5YJSA1CN5D','161546458',303,'Clean Alternative Fuel Vehicle Eligible'),(304,'5YJSA1CN5D','215093308',304,'Clean Alternative Fuel Vehicle Eligible'),(305,'5YJSA1CN5D','237956484',305,'Clean Alternative Fuel Vehicle Eligible'),(306,'5YJSA1CN5D','151111691',306,'Clean Alternative Fuel Vehicle Eligible'),(307,'5YJSA1CN5D','139782975',307,'Clean Alternative Fuel Vehicle Eligible'),(308,'5YJSA1CN6C','151596819',308,'Clean Alternative Fuel Vehicle Eligible'),(309,'5YJSA1CN6C','141093151',309,'Clean Alternative Fuel Vehicle Eligible'),(310,'5YJSA1CN6C','135424278',310,'Clean Alternative Fuel Vehicle Eligible'),(311,'5YJSA1CN6C','239304096',311,'Clean Alternative Fuel Vehicle Eligible'),(312,'5YJSA1CN6C','230264730',312,'Clean Alternative Fuel Vehicle Eligible'),(313,'5YJSA1CN6D','199484995',313,'Clean Alternative Fuel Vehicle Eligible'),(314,'5YJSA1CN6D','144764672',314,'Clean Alternative Fuel Vehicle Eligible'),(315,'5YJSA1CN6D','134128914',315,'Clean Alternative Fuel Vehicle Eligible'),(316,'5YJSA1CN6D','147369680',316,'Clean Alternative Fuel Vehicle Eligible'),(317,'5YJSA1CN6D','253064143',317,'Clean Alternative Fuel Vehicle Eligible'),(318,'5YJSA1CN6D','239854359',318,'Clean Alternative Fuel Vehicle Eligible'),(319,'5YJSA1CN6D','184907047',319,'Clean Alternative Fuel Vehicle Eligible'),(320,'5YJSA1CN6D','197327266',320,'Clean Alternative Fuel Vehicle Eligible'),(321,'5YJSA1CN6D','159400370',321,'Clean Alternative Fuel Vehicle Eligible'),(322,'5YJSA1CN6D','126575851',322,'Clean Alternative Fuel Vehicle Eligible'),(323,'5YJSA1CN6D','160010833',323,'Clean Alternative Fuel Vehicle Eligible'),(324,'5YJSA1CN6D','186278795',324,'Clean Alternative Fuel Vehicle Eligible'),(325,'5YJSA1CN6D','156244917',325,'Clean Alternative Fuel Vehicle Eligible'),(326,'5YJSA1CN6D','214848448',326,'Clean Alternative Fuel Vehicle Eligible'),(327,'5YJSA1CN6D','180710092',327,'Clean Alternative Fuel Vehicle Eligible'),(328,'5YJSA1CN6D','177532925',328,'Clean Alternative Fuel Vehicle Eligible'),(329,'5YJXCAE28L','2282115',329,'Clean Alternative Fuel Vehicle Eligible'),(330,'5YJXCAE28L','112187372',330,'Clean Alternative Fuel Vehicle Eligible'),(331,'5YJXCAE28L','3571403',331,'Clean Alternative Fuel Vehicle Eligible'),(332,'5YJXCAE28L','172350160',332,'Clean Alternative Fuel Vehicle Eligible'),(333,'5YJXCAE28L','103214212',333,'Clean Alternative Fuel Vehicle Eligible'),(334,'5YJXCAE28L','112741303',334,'Clean Alternative Fuel Vehicle Eligible'),(335,'5YJXCAE28L','122975835',335,'Clean Alternative Fuel Vehicle Eligible'),(336,'5YJXCAE28L','8781552',336,'Clean Alternative Fuel Vehicle Eligible'),(337,'5YJXCAE28L','197441660',337,'Clean Alternative Fuel Vehicle Eligible'),(338,'5YJXCAE29G','110075934',338,'Clean Alternative Fuel Vehicle Eligible'),(339,'5YJXCAE29G','350110708',339,'Clean Alternative Fuel Vehicle Eligible'),(340,'5YJXCAE29H','350026078',340,'Clean Alternative Fuel Vehicle Eligible'),(341,'5YJXCAE29H','133788196',341,'Clean Alternative Fuel Vehicle Eligible'),(342,'5YJXCAE29H','246305846',342,'Clean Alternative Fuel Vehicle Eligible'),(343,'5YJXCAE29J','249639288',343,'Clean Alternative Fuel Vehicle Eligible'),(344,'5YJXCAE29J','325388983',344,'Clean Alternative Fuel Vehicle Eligible'),(345,'5YJXCAE29J','190362539',345,'Clean Alternative Fuel Vehicle Eligible'),(346,'5YJXCAE29J','170324087',346,'Clean Alternative Fuel Vehicle Eligible'),(347,'5YJXCAE29J','210077290',347,'Clean Alternative Fuel Vehicle Eligible'),(348,'5YJXCAE29J','474393643',348,'Clean Alternative Fuel Vehicle Eligible'),(349,'5YJXCAE29J','159956877',349,'Clean Alternative Fuel Vehicle Eligible'),(350,'5YJXCAE29J','276319109',350,'Clean Alternative Fuel Vehicle Eligible'),(351,'5YJXCAE29J','147028388',351,'Clean Alternative Fuel Vehicle Eligible'),(352,'5YJXCAE29J','211048218',352,'Clean Alternative Fuel Vehicle Eligible'),(353,'5YJXCAE29J','298809423',353,'Clean Alternative Fuel Vehicle Eligible'),(354,'5YJXCAE29J','161007402',354,'Clean Alternative Fuel Vehicle Eligible'),(355,'5YJXCAE29J','243398382',355,'Clean Alternative Fuel Vehicle Eligible'),(356,'5YJXCAE29J','220293636',356,'Clean Alternative Fuel Vehicle Eligible'),(357,'5YJXCAE29J','259589137',357,'Clean Alternative Fuel Vehicle Eligible'),(358,'5YJXCAE29J','249128008',358,'Clean Alternative Fuel Vehicle Eligible'),(359,'5YJXCAE29K','186541393',359,'Clean Alternative Fuel Vehicle Eligible'),(360,'5YJXCAE29K','289495741',360,'Clean Alternative Fuel Vehicle Eligible'),(361,'5YJXCAE29K','6114678',361,'Clean Alternative Fuel Vehicle Eligible'),(362,'5YJXCAE29K','262168595',362,'Clean Alternative Fuel Vehicle Eligible'),(363,'5YJXCAE29K','200757119',363,'Clean Alternative Fuel Vehicle Eligible'),(364,'5YJXCAE29K','178991242',364,'Clean Alternative Fuel Vehicle Eligible'),(365,'5YJXCAE29K','220794647',365,'Clean Alternative Fuel Vehicle Eligible'),(366,'5YJXCAE29K','476787461',366,'Clean Alternative Fuel Vehicle Eligible'),(367,'5YJXCAE29K','271287691',367,'Clean Alternative Fuel Vehicle Eligible'),(368,'5YJXCAE29L','3321083',368,'Clean Alternative Fuel Vehicle Eligible'),(369,'5YJXCAE29L','4758302',369,'Clean Alternative Fuel Vehicle Eligible'),(370,'5YJXCAE29L','128765955',370,'Clean Alternative Fuel Vehicle Eligible'),(371,'5YJXCAE29L','2042435',371,'Clean Alternative Fuel Vehicle Eligible'),(372,'5YJXCAE29L','2288030',372,'Clean Alternative Fuel Vehicle Eligible'),(373,'5YJXCBE24L','131294719',373,'Clean Alternative Fuel Vehicle Eligible'),(374,'5YJXCBE24L','4787730',374,'Clean Alternative Fuel Vehicle Eligible'),(375,'5YJXCBE24L','105048779',375,'Clean Alternative Fuel Vehicle Eligible'),(376,'5YJXCBE24L','114664301',376,'Clean Alternative Fuel Vehicle Eligible'),(377,'5YJXCBE24L','6411107',377,'Clean Alternative Fuel Vehicle Eligible'),(378,'5YJXCBE25G','180997435',378,'Clean Alternative Fuel Vehicle Eligible'),(379,'5YJXCBE25G','109764140',379,'Clean Alternative Fuel Vehicle Eligible'),(380,'5YJXCBE25G','103284954',380,'Clean Alternative Fuel Vehicle Eligible'),(381,'5YJXCBE25G','182502253',381,'Clean Alternative Fuel Vehicle Eligible'),(382,'5YJXCBE25G','189167065',382,'Clean Alternative Fuel Vehicle Eligible'),(383,'5YJXCBE25G','153236597',383,'Clean Alternative Fuel Vehicle Eligible'),(384,'5YJXCBE25H','127700849',384,'Clean Alternative Fuel Vehicle Eligible'),(385,'5YJXCBE25H','327649696',385,'Clean Alternative Fuel Vehicle Eligible'),(386,'5YJXCBE25H','106877781',386,'Clean Alternative Fuel Vehicle Eligible'),(387,'5YJXCBE25H','271029377',387,'Clean Alternative Fuel Vehicle Eligible'),(388,'5YJXCBE25H','349981649',388,'Clean Alternative Fuel Vehicle Eligible'),(389,'5YJXCBE25H','109092595',389,'Clean Alternative Fuel Vehicle Eligible'),(390,'5YJXCBE25J','241771701',390,'Clean Alternative Fuel Vehicle Eligible'),(391,'5YJXCBE25J','240491002',391,'Clean Alternative Fuel Vehicle Eligible'),(392,'5YJXCBE25J','475636507',392,'Clean Alternative Fuel Vehicle Eligible'),(393,'5YJXCBE25J','277293033',393,'Clean Alternative Fuel Vehicle Eligible'),(394,'5YJXCBE25J','474886044',394,'Clean Alternative Fuel Vehicle Eligible'),(395,'5YJXCBE25J','473971186',395,'Clean Alternative Fuel Vehicle Eligible'),(396,'5YJXCBE25J','123916180',396,'Clean Alternative Fuel Vehicle Eligible'),(397,'5YJXCBE25J','476457488',397,'Clean Alternative Fuel Vehicle Eligible'),(398,'5YJXCBE25J','117323741',398,'Clean Alternative Fuel Vehicle Eligible'),(399,'5YJXCBE25J','454776094',399,'Clean Alternative Fuel Vehicle Eligible'),(400,'5YJXCBE25J','339543760',400,'Clean Alternative Fuel Vehicle Eligible'),(401,'5YJXCBE25J','476164531',401,'Clean Alternative Fuel Vehicle Eligible'),(402,'5YJXCBE25J','125029635',402,'Clean Alternative Fuel Vehicle Eligible'),(403,'5YJXCBE25J','475865190',403,'Clean Alternative Fuel Vehicle Eligible'),(404,'5YJXCBE25J','169227425',404,'Clean Alternative Fuel Vehicle Eligible'),(405,'5YJXCBE25J','474224292',405,'Clean Alternative Fuel Vehicle Eligible'),(406,'5YJXCBE25J','235114792',406,'Clean Alternative Fuel Vehicle Eligible'),(407,'5YJXCBE25J','476325860',407,'Clean Alternative Fuel Vehicle Eligible'),(408,'5YJXCBE25J','175682174',408,'Clean Alternative Fuel Vehicle Eligible'),(409,'5YJXCBE25J','222864442',409,'Clean Alternative Fuel Vehicle Eligible'),(410,'7JRBR0FL6N','198759746',410,'Not eligible due to low battery range'),(411,'7JRBR0FL6N','178913619',411,'Not eligible due to low battery range'),(412,'7JRBR0FL7L','195197642',412,'Not eligible due to low battery range'),(413,'7JRBR0FL7M','148923281',413,'Not eligible due to low battery range'),(414,'7JRBR0FL7M','138971276',414,'Not eligible due to low battery range'),(415,'7JRBR0FL7M','220656558',415,'Not eligible due to low battery range'),(416,'7JRBR0FL8K','208712598',416,'Not eligible due to low battery range'),(417,'7JRBR0FL8L','9695192',417,'Not eligible due to low battery range'),(418,'7JRBR0FL8M','142161554',418,'Not eligible due to low battery range'),(419,'7JRBR0FL8M','136917455',419,'Not eligible due to low battery range'),(420,'7JRBR0FL9K','179137570',420,'Not eligible due to low battery range'),(421,'7JRBR0FL9K','478354054',421,'Not eligible due to low battery range'),(422,'7JRBR0FL9M','172367016',422,'Not eligible due to low battery range'),(423,'7JRBR0FL9M','144502018',423,'Not eligible due to low battery range'),(424,'7JRBR0FL9N','179428343',424,'Not eligible due to low battery range'),(425,'7JRBR0FLXL','115190659',425,'Not eligible due to low battery range'),(426,'7JRBR0FLXM','176283418',426,'Not eligible due to low battery range'),(427,'7JRBR0FLXN','187196033',427,'Not eligible due to low battery range'),(428,'7JRBR0FM0K','346026012',428,'Not eligible due to low battery range'),(429,'7JRBR0FM0K','207916600',429,'Not eligible due to low battery range'),(430,'7JRBR0FM0L','121973022',430,'Not eligible due to low battery range'),(431,'7JRBR0FM0L','133756150',431,'Not eligible due to low battery range'),(432,'7JRBR0FM0M','167181563',432,'Not eligible due to low battery range'),(433,'7JRBR0FM0N','205035967',433,'Not eligible due to low battery range'),(434,'7JRBR0FM1K','107796531',434,'Not eligible due to low battery range'),(435,'7JRBR0FM2M','141281045',435,'Not eligible due to low battery range'),(436,'7JRBR0FM3L','6201982',436,'Not eligible due to low battery range'),(437,'7JRBR0FM3M','176267920',437,'Not eligible due to low battery range'),(438,'7JRBR0FM5K','4697248',438,'Not eligible due to low battery range'),(439,'7JRBR0FM5M','152569931',439,'Not eligible due to low battery range'),(440,'7JRBR0FM6M','137275484',440,'Not eligible due to low battery range'),(441,'7JRBR0FM7M','144233232',441,'Not eligible due to low battery range'),(442,'7JRBR0FM9M','148825295',442,'Not eligible due to low battery range'),(443,'7JRBR0FMXL','101396522',443,'Not eligible due to low battery range'),(444,'7JRBR0FZ0N','193937096',444,'Not eligible due to low battery range'),(445,'7JRBR0FZ1N','195114132',445,'Not eligible due to low battery range'),(446,'7JRBR0FZ2M','151184680',446,'Not eligible due to low battery range'),(447,'7JRBR0FZ2N','203323767',447,'Not eligible due to low battery range'),(448,'7JRBR0FZ2N','198676936',448,'Not eligible due to low battery range'),(449,'7JRBR0FZ3N','203575137',449,'Not eligible due to low battery range'),(450,'7JRBR0FZ4N','192705705',450,'Not eligible due to low battery range'),(451,'7JRBR0FZ6N','190828508',451,'Not eligible due to low battery range'),(452,'7JRBR0FZ6N','180609110',452,'Not eligible due to low battery range'),(453,'7JRBR0FZ6N','195051524',453,'Not eligible due to low battery range'),(454,'7JRBR0FZ7M','153839458',454,'Not eligible due to low battery range'),(455,'7JRBR0FZ7N','192783545',455,'Not eligible due to low battery range'),(456,'7JRBR0FZ8M','157630980',456,'Not eligible due to low battery range'),(457,'7JRBR0FZ8M','154005050',457,'Not eligible due to low battery range'),(458,'7JRBR0FZ8M','148968053',458,'Not eligible due to low battery range'),(459,'7JRBR0FZ9N','199464863',459,'Not eligible due to low battery range'),(460,'7JRBR0FZXM','144275764',460,'Not eligible due to low battery range'),(461,'7JRBR0FZXN','192359366',461,'Not eligible due to low battery range'),(462,'7JRH60FD0N','216861809',462,'Clean Alternative Fuel Vehicle Eligible'),(463,'7JRH60FD2N','216695069',463,'Clean Alternative Fuel Vehicle Eligible'),(464,'7JRH60FD2N','218315625',464,'Clean Alternative Fuel Vehicle Eligible'),(465,'7JRH60FD3N','218906362',465,'Clean Alternative Fuel Vehicle Eligible'),(466,'7JRH60FD3N','215049278',466,'Clean Alternative Fuel Vehicle Eligible'),(467,'7JRH60FD5N','214749342',467,'Clean Alternative Fuel Vehicle Eligible'),(468,'7JRH60FD7N','218515076',468,'Clean Alternative Fuel Vehicle Eligible'),(469,'7JRH60FL4N','219210848',469,'Clean Alternative Fuel Vehicle Eligible'),(470,'7JRH60FL7N','216531367',470,'Clean Alternative Fuel Vehicle Eligible'),(471,'7JRH60FZ4N','219020840',471,'Clean Alternative Fuel Vehicle Eligible'),(472,'7JRH60FZ6N','217936309',472,'Clean Alternative Fuel Vehicle Eligible'),(473,'7JRH60FZXN','216791025',473,'Clean Alternative Fuel Vehicle Eligible'),(474,'JA3215H10C','193489117',474,'Clean Alternative Fuel Vehicle Eligible'),(475,'JA3215H10C','163322694',475,'Clean Alternative Fuel Vehicle Eligible'),(476,'JA3215H10C','114676047',476,'Clean Alternative Fuel Vehicle Eligible'),(477,'JA3215H10C','246610773',477,'Clean Alternative Fuel Vehicle Eligible'),(478,'JA3215H11C','204033301',478,'Clean Alternative Fuel Vehicle Eligible'),(479,'JA3215H11C','126042164',479,'Clean Alternative Fuel Vehicle Eligible'),(480,'JA3215H11C','239545687',480,'Clean Alternative Fuel Vehicle Eligible'),(481,'JA3215H12C','146559773',481,'Clean Alternative Fuel Vehicle Eligible'),(482,'JA3215H13C','224412352',482,'Clean Alternative Fuel Vehicle Eligible'),(483,'JA3215H13C','9387073',483,'Clean Alternative Fuel Vehicle Eligible'),(484,'JHMZC5F13J','152027116',484,'Clean Alternative Fuel Vehicle Eligible'),(485,'JHMZC5F13J','476988326',485,'Clean Alternative Fuel Vehicle Eligible'),(486,'JHMZC5F13J','190707828',486,'Clean Alternative Fuel Vehicle Eligible'),(487,'JHMZC5F13J','199233198',487,'Clean Alternative Fuel Vehicle Eligible'),(488,'JHMZC5F13J','290512694',488,'Clean Alternative Fuel Vehicle Eligible'),(489,'JHMZC5F13K','192267995',489,'Clean Alternative Fuel Vehicle Eligible'),(490,'JHMZC5F13K','279933811',490,'Clean Alternative Fuel Vehicle Eligible'),(491,'JHMZC5F13K','211370491',491,'Clean Alternative Fuel Vehicle Eligible'),(492,'JHMZC5F13K','144229970',492,'Clean Alternative Fuel Vehicle Eligible'),(493,'JHMZC5F13K','122720636',493,'Clean Alternative Fuel Vehicle Eligible'),(494,'JHMZC5F13K','116664838',494,'Clean Alternative Fuel Vehicle Eligible'),(495,'JHMZC5F13L','124506147',495,'Clean Alternative Fuel Vehicle Eligible'),(496,'JHMZC5F13L','192477666',496,'Clean Alternative Fuel Vehicle Eligible'),(497,'JHMZC5F14J','316308009',497,'Clean Alternative Fuel Vehicle Eligible'),(498,'JHMZC5F14J','348305576',498,'Clean Alternative Fuel Vehicle Eligible'),(499,'JHMZC5F14J','474304666',499,'Clean Alternative Fuel Vehicle Eligible'),(500,'JHMZC5F14J','226122914',500,'Clean Alternative Fuel Vehicle Eligible'),(501,'JHMZC5F14J','253607721',501,'Clean Alternative Fuel Vehicle Eligible'),(502,'JHMZC5F14J','308963224',502,'Clean Alternative Fuel Vehicle Eligible'),(503,'JHMZC5F14J','301307121',503,'Clean Alternative Fuel Vehicle Eligible'),(504,'JHMZC5F14J','336607750',504,'Clean Alternative Fuel Vehicle Eligible'),(505,'JHMZC5F14J','197613972',505,'Clean Alternative Fuel Vehicle Eligible'),(506,'JHMZC5F14J','192678559',506,'Clean Alternative Fuel Vehicle Eligible');
/*!40000 ALTER TABLE `registrations` ENABLE KEYS */;
UNLOCK TABLES;
/*!40103 SET TIME_ZONE=@OLD_TIME_ZONE */;

/*!40101 SET SQL_MODE=@OLD_SQL_MODE */;
/*!40014 SET FOREIGN_KEY_CHECKS=@OLD_FOREIGN_KEY_CHECKS */;
/*!40014 SET UNIQUE_CHECKS=@OLD_UNIQUE_CHECKS */;
/*!40101 SET CHARACTER_SET_CLIENT=@OLD_CHARACTER_SET_CLIENT */;
/*!40101 SET CHARACTER_SET_RESULTS=@OLD_CHARACTER_SET_RESULTS */;
/*!40101 SET COLLATION_CONNECTION=@OLD_COLLATION_CONNECTION */;
/*!40111 SET SQL_NOTES=@OLD_SQL_NOTES */;

-- Dump completed on 2024-05-12 14:41:32
-- MySQL dump 10.13  Distrib 8.0.36, for macos14 (arm64)
--
-- Host: localhost    Database: electric_vehicle
-- ------------------------------------------------------
-- Server version	8.0.36

/*!40101 SET @OLD_CHARACTER_SET_CLIENT=@@CHARACTER_SET_CLIENT */;
/*!40101 SET @OLD_CHARACTER_SET_RESULTS=@@CHARACTER_SET_RESULTS */;
/*!40101 SET @OLD_COLLATION_CONNECTION=@@COLLATION_CONNECTION */;
/*!50503 SET NAMES utf8 */;
/*!40103 SET @OLD_TIME_ZONE=@@TIME_ZONE */;
/*!40103 SET TIME_ZONE='+00:00' */;
/*!40014 SET @OLD_UNIQUE_CHECKS=@@UNIQUE_CHECKS, UNIQUE_CHECKS=0 */;
/*!40014 SET @OLD_FOREIGN_KEY_CHECKS=@@FOREIGN_KEY_CHECKS, FOREIGN_KEY_CHECKS=0 */;
/*!40101 SET @OLD_SQL_MODE=@@SQL_MODE, SQL_MODE='NO_AUTO_VALUE_ON_ZERO' */;
/*!40111 SET @OLD_SQL_NOTES=@@SQL_NOTES, SQL_NOTES=0 */;

--
-- Table structure for table `vehicles`
--

DROP TABLE IF EXISTS `vehicles`;
/*!40101 SET @saved_cs_client     = @@character_set_client */;
/*!50503 SET character_set_client = utf8mb4 */;
CREATE TABLE `vehicles` (
  `vehicle_id` int NOT NULL,
  `registration_id` int DEFAULT NULL,
  `model_id` int DEFAULT NULL,
  `electric_range` int DEFAULT NULL,
  `base_msrp` int DEFAULT NULL,
  `location_id` int DEFAULT NULL,
  `electric_vehicle_type_id` int DEFAULT NULL,
  `electric_utility_id` int DEFAULT NULL,
  PRIMARY KEY (`vehicle_id`),
  KEY `registration_id` (`registration_id`),
  KEY `model_id` (`model_id`),
  KEY `location_id` (`location_id`),
  KEY `electric_vehicle_type_id` (`electric_vehicle_type_id`),
  KEY `electric_utility_id` (`electric_utility_id`),
  CONSTRAINT `vehicles_ibfk_1` FOREIGN KEY (`registration_id`) REFERENCES `registrations` (`registration_id`),
  CONSTRAINT `vehicles_ibfk_2` FOREIGN KEY (`model_id`) REFERENCES `models` (`model_id`),
  CONSTRAINT `vehicles_ibfk_3` FOREIGN KEY (`location_id`) REFERENCES `locations` (`location_id`),
  CONSTRAINT `vehicles_ibfk_4` FOREIGN KEY (`electric_vehicle_type_id`) REFERENCES `electric_vehicle_types` (`electric_vehicle_type_id`),
  CONSTRAINT `vehicles_ibfk_5` FOREIGN KEY (`electric_utility_id`) REFERENCES `electric_utilities` (`electric_utility_id`)
) ENGINE=InnoDB DEFAULT CHARSET=utf8mb4 COLLATE=utf8mb4_0900_ai_ci;
/*!40101 SET character_set_client = @saved_cs_client */;

--
-- Dumping data for table `vehicles`
--

LOCK TABLES `vehicles` WRITE;
/*!40000 ALTER TABLE `vehicles` DISABLE KEYS */;
INSERT INTO `vehicles` VALUES (2,2,2,25,0,2,2,2),(6,6,6,25,0,6,6,6),(7,7,7,25,0,7,7,7),(8,8,8,25,0,8,8,8),(9,9,9,25,0,9,9,9),(10,10,10,25,0,10,10,10),(11,11,11,25,0,11,11,11),(12,12,12,25,0,12,12,12),(13,13,13,25,0,13,13,13),(14,14,14,25,0,14,14,14),(15,15,15,25,0,15,15,15),(16,16,16,25,0,16,16,16),(17,17,17,25,0,17,17,17),(18,18,18,25,0,18,18,18),(19,19,19,25,0,19,19,19),(20,20,20,25,0,20,20,20),(21,21,21,25,0,21,21,21),(22,22,22,25,0,22,22,22),(23,23,23,25,0,23,23,23),(24,24,24,25,0,24,24,24),(25,25,25,76,0,25,25,25),(26,26,26,76,0,26,26,26),(27,27,27,76,0,27,27,27),(31,31,31,76,0,31,31,31),(32,32,32,76,0,32,32,32),(33,33,33,76,0,33,33,33),(36,36,36,76,0,36,36,36),(37,37,37,76,0,37,37,37),(38,38,38,76,0,38,38,38),(43,43,43,76,0,43,43,43),(44,44,44,76,0,44,44,44),(45,45,45,76,0,45,45,45),(47,47,47,76,0,47,47,47),(48,48,48,76,0,48,48,48),(49,49,49,76,0,49,49,49),(50,50,50,76,0,50,50,50),(51,51,51,76,0,51,51,51),(54,54,54,76,0,54,54,54),(55,55,55,76,0,55,55,55),(56,56,56,76,0,56,56,56),(57,57,57,76,0,57,57,57),(59,59,59,76,0,59,59,59),(60,60,60,76,0,60,60,60),(61,61,61,76,0,61,61,61),(65,65,65,76,0,65,65,65),(66,66,66,76,0,66,66,66),(67,67,67,76,0,67,67,67),(68,68,68,76,0,68,68,68),(69,69,69,76,0,69,69,69),(70,70,70,76,0,70,70,70),(73,73,73,38,0,73,73,73),(74,74,74,38,0,74,74,74),(77,77,77,38,0,77,77,77),(78,78,78,38,0,78,78,78),(79,79,79,38,0,79,79,79),(80,80,80,38,0,80,80,80),(84,84,84,38,0,84,84,84),(89,89,89,238,0,89,89,89),(90,90,90,238,0,90,90,90),(91,91,91,238,0,91,91,91),(92,92,92,238,0,92,92,92),(94,94,94,238,0,94,94,94),(95,95,95,238,0,95,95,95),(96,96,96,238,0,96,96,96),(97,97,97,238,0,97,97,97),(98,98,98,238,0,98,98,98),(99,99,99,238,0,99,99,99),(100,100,100,238,0,100,100,100),(101,101,101,238,0,101,101,101),(102,102,102,238,0,102,102,102),(103,103,103,238,0,103,103,103),(104,104,104,238,0,104,104,104),(105,105,105,238,0,105,105,105),(106,106,106,238,0,106,106,106),(109,109,109,238,0,109,109,109),(111,111,111,238,0,111,111,111),(112,112,112,238,0,112,112,112),(113,113,113,238,0,113,113,113),(117,117,117,238,0,117,117,117),(118,118,118,259,0,118,118,118),(119,119,119,238,0,119,119,119),(120,120,120,238,0,120,120,120),(121,121,121,238,0,121,121,121),(122,122,122,238,0,122,122,122),(123,123,123,238,0,123,123,123),(124,124,124,238,0,124,124,124),(125,125,125,238,0,125,125,125),(126,126,126,238,0,126,126,126),(127,127,127,238,0,127,127,127),(128,128,128,238,0,128,128,128),(129,129,129,238,0,129,129,129),(130,130,130,238,0,130,130,130),(131,131,131,238,0,131,131,131),(132,132,132,238,0,132,132,132),(133,133,133,238,0,133,133,133),(134,134,134,238,0,134,134,134),(135,135,135,238,0,135,135,135),(136,136,136,238,0,136,136,136),(137,137,137,238,0,137,137,137),(138,138,138,238,0,138,138,138),(140,140,140,238,0,140,140,140),(141,141,141,238,0,141,141,141),(142,142,142,238,0,142,142,142),(143,143,143,238,0,143,143,143),(144,144,144,238,0,144,144,144),(145,145,145,238,0,145,145,145),(146,146,146,238,0,146,146,146),(147,147,147,238,0,147,147,147),(148,148,148,238,0,148,148,148),(149,149,149,238,0,149,149,149),(150,150,150,238,0,150,150,150),(152,152,152,238,0,152,152,152),(153,153,153,238,0,153,153,153),(154,154,154,238,0,154,154,154),(155,155,155,238,0,155,155,155),(156,156,156,238,0,156,156,156),(157,157,157,238,0,157,157,157),(159,159,159,238,0,159,159,159),(160,160,160,38,0,160,160,160),(161,161,161,38,0,161,161,161),(162,162,162,35,0,162,162,162),(163,163,163,35,0,163,163,163),(164,164,164,35,0,164,164,164),(165,165,165,35,0,165,165,165),(166,166,166,35,0,166,166,166),(167,167,167,35,0,167,167,167),(168,168,168,35,0,168,168,168),(170,170,170,35,0,170,170,170),(174,174,174,35,0,174,174,174),(176,176,176,38,0,176,176,176),(177,177,177,38,0,177,177,177),(178,178,178,38,0,178,178,178),(179,179,179,38,0,179,179,179),(180,180,180,38,0,180,180,180),(181,181,181,38,0,181,181,181),(182,182,182,38,0,182,182,182),(183,183,183,38,0,183,183,183),(184,184,184,38,0,184,184,184),(185,185,185,38,0,185,185,185),(187,187,187,38,0,187,187,187),(192,192,192,38,0,192,192,192),(193,193,193,38,0,193,193,193),(194,194,194,38,0,194,194,194),(195,195,195,38,0,195,195,195),(196,196,196,38,0,196,196,196),(197,197,197,38,0,197,197,197),(198,198,198,38,0,198,198,198),(200,200,200,38,0,200,200,200),(201,201,201,38,0,201,201,201),(202,202,202,38,0,202,202,202),(203,203,203,38,0,203,203,203),(204,204,204,38,0,204,204,204),(205,205,205,38,0,205,205,205),(211,211,211,38,0,211,211,211),(213,213,213,38,0,213,213,213),(214,214,214,35,0,214,214,214),(215,215,215,35,0,215,215,215),(216,216,216,35,0,216,216,216),(217,217,217,35,0,217,217,217),(218,218,218,35,0,218,218,218),(219,219,219,35,0,219,219,219),(220,220,220,35,0,220,220,220),(222,222,222,38,0,222,222,222),(223,223,223,38,0,223,223,223),(224,224,224,38,0,224,224,224),(226,226,226,38,0,226,226,226),(227,227,227,38,0,227,227,227),(228,228,228,38,0,228,228,228),(229,229,229,38,0,229,229,229),(230,230,230,38,0,230,230,230),(231,231,231,38,0,231,231,231),(232,232,232,38,0,232,232,232),(233,233,233,38,0,233,233,233),(234,234,234,38,0,234,234,234),(235,235,235,38,0,235,235,235),(236,236,236,38,0,236,236,236),(237,237,237,38,0,237,237,237),(238,238,238,38,0,238,238,238),(240,240,240,38,0,240,240,240),(241,241,241,38,0,241,241,241),(243,243,243,38,0,243,243,243),(244,244,244,208,69900,244,244,244),(245,245,245,208,69900,245,245,245),(246,246,246,208,69900,246,246,246),(247,247,247,208,69900,247,247,247),(248,248,248,208,69900,248,248,248),(249,249,249,208,69900,249,249,249),(250,250,250,208,69900,250,250,250),(251,251,251,208,69900,251,251,251),(253,253,253,208,69900,253,253,253),(254,254,254,208,69900,254,254,254),(255,255,255,208,69900,255,255,255),(256,256,256,208,69900,256,256,256),(257,257,257,208,69900,257,257,257),(258,258,258,208,69900,258,258,258),(259,259,259,208,69900,259,259,259),(260,260,260,208,69900,260,260,260),(261,261,261,208,69900,261,261,261),(262,262,262,208,69900,262,262,262),(263,263,263,208,69900,263,263,263),(264,264,264,208,69900,264,264,264),(266,266,266,208,69900,266,266,266),(267,267,267,208,69900,267,267,267),(269,269,269,208,69900,269,269,269),(270,270,270,208,69900,270,270,270),(271,271,271,208,69900,271,271,271),(272,272,272,208,69900,272,272,272),(273,273,273,208,69900,273,273,273),(274,274,274,208,69900,274,274,274),(275,275,275,208,69900,275,275,275),(276,276,276,208,69900,276,276,276),(277,277,277,208,69900,277,277,277),(278,278,278,208,69900,278,278,278),(279,279,279,208,69900,279,279,279),(280,280,280,208,69900,280,280,280),(281,281,281,208,69900,281,281,281),(283,283,283,208,69900,283,283,283),(285,285,285,208,69900,285,285,285),(286,286,286,208,69900,286,286,286),(287,287,287,208,69900,287,287,287),(288,288,288,208,69900,288,288,288),(289,289,289,208,69900,289,289,289),(290,290,290,208,69900,290,290,290),(291,291,291,208,69900,291,291,291),(292,292,292,208,69900,292,292,292),(293,293,293,208,69900,293,293,293),(294,294,294,208,69900,294,294,294),(295,295,295,208,69900,295,295,295),(296,296,296,208,69900,296,296,296),(297,297,297,208,69900,297,297,297),(298,298,298,208,69900,298,298,298),(299,299,299,208,69900,299,299,299),(302,302,302,208,69900,302,302,302),(304,304,304,208,69900,304,304,304),(306,306,306,208,69900,306,306,306),(308,308,308,265,59900,308,308,308),(309,309,309,265,59900,309,309,309),(310,310,310,265,59900,310,310,310),(312,312,312,265,59900,312,312,312),(314,314,314,208,69900,314,314,314),(315,315,315,208,69900,315,315,315),(316,316,316,208,69900,316,316,316),(317,317,317,208,69900,317,317,317),(318,318,318,208,69900,318,318,318),(319,319,319,208,69900,319,319,319),(320,320,320,208,69900,320,320,320),(321,321,321,208,69900,321,321,321),(322,322,322,208,69900,322,322,322),(323,323,323,208,69900,323,323,323),(324,324,324,208,69900,324,324,324),(325,325,325,208,69900,325,325,325),(327,327,327,208,69900,327,327,327),(328,328,328,208,69900,328,328,328),(329,329,329,293,0,329,329,329),(330,330,330,293,0,330,330,330),(331,331,331,293,0,331,331,331),(332,332,332,293,0,332,332,332),(333,333,333,293,0,333,333,333),(334,334,334,293,0,334,334,334),(335,335,335,293,0,335,335,335),(336,336,336,293,0,336,336,336),(337,337,337,293,0,337,337,337),(338,338,338,200,0,338,338,338),(339,339,339,200,0,339,339,339),(340,340,340,200,0,340,340,340),(341,341,341,200,0,341,341,341),(343,343,343,238,0,343,343,343),(344,344,344,238,0,344,344,344),(345,345,345,238,0,345,345,345),(346,346,346,238,0,346,346,346),(347,347,347,238,0,347,347,347),(348,348,348,238,0,348,348,348),(349,349,349,238,0,349,349,349),(350,350,350,238,0,350,350,350),(351,351,351,238,0,351,351,351),(352,352,352,238,0,352,352,352),(353,353,353,238,0,353,353,353),(354,354,354,238,0,354,354,354),(355,355,355,238,0,355,355,355),(356,356,356,238,0,356,356,356),(358,358,358,238,0,358,358,358),(359,359,359,289,0,359,359,359),(360,360,360,289,0,360,360,360),(361,361,361,289,0,361,361,361),(362,362,362,289,0,362,362,362),(363,363,363,289,0,363,363,363),(364,364,364,289,0,364,364,364),(365,365,365,289,0,365,365,365),(367,367,367,289,0,367,367,367),(368,368,368,293,0,368,368,368),(369,369,369,293,0,369,369,369),(370,370,370,293,0,370,370,370),(371,371,371,293,0,371,371,371),(372,372,372,293,0,372,372,372),(373,373,373,293,0,373,373,373),(374,374,374,293,0,374,374,374),(375,375,375,293,0,375,375,375),(377,377,377,293,0,377,377,377),(378,378,378,200,0,378,378,378),(379,379,379,200,0,379,379,379),(380,380,380,200,0,380,380,380),(381,381,381,200,0,381,381,381),(382,382,382,200,0,382,382,382),(384,384,384,200,0,384,384,384),(385,385,385,200,0,385,385,385),(386,386,386,200,0,386,386,386),(387,387,387,200,0,387,387,387),(388,388,388,200,0,388,388,388),(390,390,390,238,0,390,390,390),(392,392,392,238,0,392,392,392),(393,393,393,238,0,393,393,393),(394,394,394,238,0,394,394,394),(395,395,395,238,0,395,395,395),(396,396,396,238,0,396,396,396),(397,397,397,238,0,397,397,397),(398,398,398,238,0,398,398,398),(399,399,399,238,0,399,399,399),(400,400,400,238,0,400,400,400),(401,401,401,238,0,401,401,401),(402,402,402,238,0,402,402,402),(403,403,403,238,0,403,403,403),(404,404,404,238,0,404,404,404),(405,405,405,238,0,405,405,405),(406,406,406,238,0,406,406,406),(407,407,407,238,0,407,407,407),(408,408,408,238,0,408,408,408),(409,409,409,238,0,409,409,409),(410,410,410,22,0,410,410,410),(411,411,411,22,0,411,411,411),(413,413,413,22,0,413,413,413),(414,414,414,22,0,414,414,414),(415,415,415,22,0,415,415,415),(416,416,416,22,0,416,416,416),(417,417,417,22,0,417,417,417),(418,418,418,22,0,418,418,418),(420,420,420,22,0,420,420,420),(421,421,421,22,0,421,421,421),(424,424,424,22,0,424,424,424),(426,426,426,22,0,426,426,426),(427,427,427,22,0,427,427,427),(428,428,428,22,0,428,428,428),(430,430,430,22,0,430,430,430),(431,431,431,22,0,431,431,431),(433,433,433,22,0,433,433,433),(435,435,435,22,0,435,435,435),(436,436,436,22,0,436,436,436),(437,437,437,22,0,437,437,437),(439,439,439,22,0,439,439,439),(440,440,440,22,0,440,440,440),(442,442,442,22,0,442,442,442),(443,443,443,22,0,443,443,443),(444,444,444,22,0,444,444,444),(445,445,445,22,0,445,445,445),(446,446,446,22,0,446,446,446),(447,447,447,22,0,447,447,447),(449,449,449,22,0,449,449,449),(450,450,450,22,0,450,450,450),(451,451,451,22,0,451,451,451),(454,454,454,22,0,454,454,454),(455,455,455,22,0,455,455,455),(456,456,456,22,0,456,456,456),(457,457,457,22,0,457,457,457),(458,458,458,22,0,458,458,458),(459,459,459,22,0,459,459,459),(460,460,460,22,0,460,460,460),(461,461,461,22,0,461,461,461),(462,462,462,41,0,462,462,462),(463,463,463,41,0,463,463,463),(464,464,464,41,0,464,464,464),(465,465,465,41,0,465,465,465),(466,466,466,41,0,466,466,466),(468,468,468,41,0,468,468,468),(470,470,470,41,0,470,470,470),(471,471,471,41,0,471,471,471),(473,473,473,41,0,473,473,473),(474,474,474,62,0,474,474,474),(475,475,475,62,0,475,475,475),(477,477,477,62,0,477,477,477),(478,478,478,62,0,478,478,478),(479,479,479,62,0,479,479,479),(480,480,480,62,0,480,480,480),(481,481,481,62,0,481,481,481),(482,482,482,62,0,482,482,482),(484,484,484,47,0,484,484,484),(485,485,485,47,0,485,485,485),(488,488,488,47,0,488,488,488),(489,489,489,47,0,489,489,489),(490,490,490,47,0,490,490,490),(491,491,491,47,0,491,491,491),(492,492,492,47,0,492,492,492),(493,493,493,47,0,493,493,493),(494,494,494,47,0,494,494,494),(495,495,495,47,0,495,495,495),(497,497,497,47,0,497,497,497),(498,498,498,47,0,498,498,498),(499,499,499,47,0,499,499,499),(500,500,500,47,0,500,500,500),(501,501,501,47,0,501,501,501),(502,502,502,47,0,502,502,502),(503,503,503,47,0,503,503,503),(504,504,504,47,0,504,504,504),(505,505,505,47,0,505,505,505),(506,506,506,47,0,506,506,506);
/*!40000 ALTER TABLE `vehicles` ENABLE KEYS */;
UNLOCK TABLES;
/*!40103 SET TIME_ZONE=@OLD_TIME_ZONE */;

/*!40101 SET SQL_MODE=@OLD_SQL_MODE */;
/*!40014 SET FOREIGN_KEY_CHECKS=@OLD_FOREIGN_KEY_CHECKS */;
/*!40014 SET UNIQUE_CHECKS=@OLD_UNIQUE_CHECKS */;
/*!40101 SET CHARACTER_SET_CLIENT=@OLD_CHARACTER_SET_CLIENT */;
/*!40101 SET CHARACTER_SET_RESULTS=@OLD_CHARACTER_SET_RESULTS */;
/*!40101 SET COLLATION_CONNECTION=@OLD_COLLATION_CONNECTION */;
/*!40111 SET SQL_NOTES=@OLD_SQL_NOTES */;

-- Dump completed on 2024-05-12 14:41:33

